node,snv,x,y,xbar,ybar,segment
6,1,1,1,0,0,1
6,4,1,1,0,0,1
6,28,1,1,0,0,1
6,43,1,1,0,0,1
6,62,1,1,0,0,1
6,75,1,1,0,0,1
6,77,1,1,0,0,1
6,80,1,1,0,0,1
6,99,1,1,0,0,1
6,107,1,1,0,0,1
6,188,1,1,0,0,1
6,227,1,1,0,0,1
6,228,1,1,0,0,1
6,234,1,1,0,0,1
6,261,1,1,0,0,1
6,265,1,1,0,0,1
6,268,1,1,0,0,1
6,319,1,1,0,0,1
6,334,1,1,0,0,1
6,362,1,1,0,0,1
6,369,1,1,0,0,1
6,393,1,1,0,0,1
6,423,1,1,0,0,1
6,441,1,1,0,0,1
6,460,1,1,0,0,1
6,468,1,1,0,0,1
6,505,1,1,0,0,1
6,523,1,1,0,0,1
6,620,1,1,0,0,1
6,657,1,1,0,0,1
6,665,1,1,0,0,1
6,670,1,1,0,0,1
6,730,1,1,0,0,1
6,740,1,1,0,0,1
6,778,1,1,0,0,1
6,779,1,1,0,0,1
6,799,1,1,0,0,1
6,815,1,1,0,0,1
6,841,1,1,0,0,1
6,850,1,1,0,0,1
6,876,1,1,0,0,1
6,895,1,1,0,0,1
6,908,1,1,0,0,1
6,912,1,1,0,0,1
6,929,1,1,0,0,1
6,941,1,1,0,0,1
6,942,1,1,0,0,1
6,961,1,1,0,0,1
6,1007,1,1,0,0,1
6,1023,1,1,0,0,1
6,1113,1,1,0,0,1
6,1117,1,1,0,0,1
6,1131,1,1,0,0,1
6,1151,1,1,0,0,1
6,1155,1,1,0,0,1
6,1171,1,1,0,0,1
6,1207,1,1,0,0,1
6,1227,1,1,0,0,1
6,1252,1,1,0,0,1
6,1296,1,1,0,0,1
6,1305,1,1,0,0,1
6,1319,1,1,0,0,1
6,1330,1,1,0,0,1
6,1342,1,1,0,0,1
6,1352,1,1,0,0,1
6,1353,1,1,0,0,1
6,1373,1,1,0,0,1
6,1394,1,1,0,0,1
6,1442,1,1,0,0,1
6,1452,1,1,0,0,1
6,1462,1,1,0,0,1
6,1493,1,1,0,0,1
6,1497,1,1,0,0,1
6,1499,1,1,0,0,1
6,1509,1,1,0,0,1
6,1531,1,1,0,0,1
6,1561,1,1,0,0,1
6,1573,1,1,0,0,1
6,1612,1,1,0,0,1
6,1645,1,1,0,0,1
6,1648,1,1,0,0,1
6,1650,1,1,0,0,1
6,1657,1,1,0,0,1
6,1667,1,1,0,0,1
6,1671,1,1,0,0,1
6,1675,1,1,0,0,1
6,1676,1,1,0,0,1
6,1705,1,1,0,0,1
6,1716,1,1,0,0,1
6,1720,1,1,0,0,1
6,1728,1,1,0,0,1
6,1751,1,1,0,0,1
6,1762,1,1,0,0,1
6,1776,1,1,0,0,1
6,1797,1,1,0,0,1
6,1833,1,1,0,0,1
6,1854,1,1,0,0,1
6,1882,1,1,0,0,1
6,1902,1,1,0,0,1
6,1912,1,1,0,0,1
6,1941,1,1,0,0,1
6,1983,1,1,0,0,1
6,2014,1,1,0,0,1
6,2017,1,1,0,0,1
6,2018,1,1,0,0,1
6,2020,1,1,0,0,1
6,2071,1,1,0,0,1
6,2074,1,1,0,0,1
6,2112,1,1,0,0,1
6,2133,1,1,0,0,1
6,2174,1,1,0,0,1
6,2190,1,1,0,0,1
6,2196,1,1,0,0,1
6,2230,1,1,0,0,1
6,2235,1,1,0,0,1
6,2253,1,1,0,0,1
6,2262,1,1,0,0,1
6,2265,1,1,0,0,1
6,2274,1,1,0,0,1
6,2309,1,1,0,0,1
6,2325,1,1,0,0,1
6,2326,1,1,0,0,1
6,2345,1,1,0,0,1
6,2349,1,1,0,0,1
6,2373,1,1,0,0,1
6,2423,1,1,0,0,1
6,2426,1,1,0,0,1
6,2442,1,1,0,0,1
6,2453,1,1,0,0,1
6,2457,1,1,0,0,1
6,2461,1,1,0,0,1
6,2478,1,1,0,0,1
6,2492,1,1,0,0,1
6,2500,1,1,0,0,1
6,2510,1,1,0,0,1
6,2516,1,1,0,0,1
6,2572,1,1,0,0,1
6,2574,1,1,0,0,1
6,2651,1,1,0,0,1
6,2695,1,1,0,0,1
6,2700,1,1,0,0,1
6,2741,1,1,0,0,1
6,2752,1,1,0,0,1
6,2838,1,1,0,0,1
6,2839,1,1,0,0,1
6,2861,1,1,0,0,1
6,2921,1,1,0,0,1
6,2939,1,1,0,0,1
6,2943,1,1,0,0,1
6,2972,1,1,0,0,1
6,2989,1,1,0,0,1
6,2992,1,1,0,0,1
6,3008,1,1,0,0,1
6,3009,1,1,0,0,1
6,3027,1,1,0,0,1
6,3033,1,1,0,0,1
6,3057,1,1,0,0,1
6,3063,1,1,0,0,1
6,3068,1,1,0,0,1
6,3078,1,1,0,0,1
6,3108,1,1,0,0,1
6,3147,1,1,0,0,1
6,3149,1,1,0,0,1
6,3155,1,1,0,0,1
6,3218,1,1,0,0,1
6,3223,1,1,0,0,1
6,3228,1,1,0,0,1
6,3285,1,1,0,0,1
6,3332,1,1,0,0,1
6,3396,1,1,0,0,1
6,3397,1,1,0,0,1
6,3419,1,1,0,0,1
6,3434,1,1,0,0,1
6,3457,1,1,0,0,1
6,3469,1,1,0,0,1
6,3489,1,1,0,0,1
6,3490,1,1,0,0,1
6,3497,1,1,0,0,1
6,3514,1,1,0,0,1
6,3546,1,1,0,0,1
6,3563,1,1,0,0,1
6,3565,1,1,0,0,1
6,3569,1,1,0,0,1
6,3627,1,1,0,0,1
6,3651,1,1,0,0,1
6,3662,1,1,0,0,1
6,3693,1,1,0,0,1
6,3706,1,1,0,0,1
6,3742,1,1,0,0,1
6,3765,1,1,0,0,1
6,3783,1,1,0,0,1
6,3792,1,1,0,0,1
6,3823,1,1,0,0,1
6,3837,1,1,0,0,1
6,3863,1,1,0,0,1
6,3870,1,1,0,0,1
6,3872,1,1,0,0,1
6,3893,1,1,0,0,1
6,3895,1,1,0,0,1
6,3916,1,1,0,0,1
6,3935,1,1,0,0,1
6,3989,1,1,0,0,1
6,3996,1,1,0,0,1
6,4005,1,1,0,0,1
6,4056,1,1,0,0,1
6,4076,1,1,0,0,1
6,4109,1,1,0,0,1
6,4122,1,1,0,0,1
6,4145,1,1,0,0,1
6,4162,1,1,0,0,1
6,4177,1,1,0,0,1
6,4188,1,1,0,0,1
6,4197,1,1,0,0,1
6,4202,1,1,0,0,1
6,4238,1,1,0,0,1
6,4247,1,1,0,0,1
6,4284,1,1,0,0,1
6,4305,1,1,0,0,1
6,4330,1,1,0,0,1
6,4338,1,1,0,0,1
6,4348,1,1,0,0,1
6,4399,1,1,0,0,1
6,4406,1,1,0,0,1
6,4423,1,1,0,0,1
6,4476,1,1,0,0,1
6,4534,1,1,0,0,1
6,4561,1,1,0,0,1
6,4568,1,1,0,0,1
6,4573,1,1,0,0,1
6,4587,1,1,0,0,1
6,4590,1,1,0,0,1
6,4614,1,1,0,0,1
6,4619,1,1,0,0,1
6,4622,1,1,0,0,1
6,4648,1,1,0,0,1
6,4649,1,1,0,0,1
6,4652,1,1,0,0,1
6,4665,1,1,0,0,1
6,4715,1,1,0,0,1
6,4731,1,1,0,0,1
6,4773,1,1,0,0,1
6,4777,1,1,0,0,1
6,4788,1,1,0,0,1
6,4793,1,1,0,0,1
6,4802,1,1,0,0,1
6,4843,1,1,0,0,1
6,4875,1,1,0,0,1
6,4914,1,1,0,0,1
6,4931,1,1,0,0,1
6,4943,1,1,0,0,1
6,4951,1,1,0,0,1
6,4961,1,1,0,0,1
6,4981,1,1,0,0,1
6,4988,1,1,0,0,1
6,4998,1,1,0,0,1
6,29,1,1,0,0,10
6,30,1,1,0,0,10
6,31,1,1,0,0,10
6,69,1,1,0,0,10
6,94,1,1,0,0,10
6,129,1,1,0,0,10
6,177,1,1,0,0,10
6,181,1,1,0,0,10
6,231,1,1,0,0,10
6,246,1,1,0,0,10
6,298,1,1,0,0,10
6,299,1,1,0,0,10
6,313,1,1,0,0,10
6,390,1,1,0,0,10
6,420,1,1,0,0,10
6,440,1,1,0,0,10
6,442,1,1,0,0,10
6,465,1,1,0,0,10
6,485,1,1,0,0,10
6,495,1,1,0,0,10
6,520,1,1,0,0,10
6,527,1,1,0,0,10
6,573,1,1,0,0,10
6,579,1,1,0,0,10
6,593,1,1,0,0,10
6,595,1,1,0,0,10
6,597,1,1,0,0,10
6,644,1,1,0,0,10
6,648,1,1,0,0,10
6,667,1,1,0,0,10
6,705,1,1,0,0,10
6,706,1,1,0,0,10
6,714,1,1,0,0,10
6,733,1,1,0,0,10
6,747,1,1,0,0,10
6,771,1,1,0,0,10
6,804,1,1,0,0,10
6,808,1,1,0,0,10
6,809,1,1,0,0,10
6,834,1,1,0,0,10
6,849,1,1,0,0,10
6,891,1,1,0,0,10
6,924,1,1,0,0,10
6,947,1,1,0,0,10
6,951,1,1,0,0,10
6,972,1,1,0,0,10
6,984,1,1,0,0,10
6,1016,1,1,0,0,10
6,1065,1,1,0,0,10
6,1108,1,1,0,0,10
6,1112,1,1,0,0,10
6,1114,1,1,0,0,10
6,1120,1,1,0,0,10
6,1127,1,1,0,0,10
6,1139,1,1,0,0,10
6,1173,1,1,0,0,10
6,1181,1,1,0,0,10
6,1226,1,1,0,0,10
6,1302,1,1,0,0,10
6,1315,1,1,0,0,10
6,1320,1,1,0,0,10
6,1351,1,1,0,0,10
6,1369,1,1,0,0,10
6,1384,1,1,0,0,10
6,1402,1,1,0,0,10
6,1409,1,1,0,0,10
6,1414,1,1,0,0,10
6,1424,1,1,0,0,10
6,1450,1,1,0,0,10
6,1575,1,1,0,0,10
6,1576,1,1,0,0,10
6,1588,1,1,0,0,10
6,1617,1,1,0,0,10
6,1631,1,1,0,0,10
6,1647,1,1,0,0,10
6,1668,1,1,0,0,10
6,1674,1,1,0,0,10
6,1688,1,1,0,0,10
6,1753,1,1,0,0,10
6,1841,1,1,0,0,10
6,1863,1,1,0,0,10
6,1888,1,1,0,0,10
6,1952,1,1,0,0,10
6,1956,1,1,0,0,10
6,1961,1,1,0,0,10
6,1964,1,1,0,0,10
6,1987,1,1,0,0,10
6,1996,1,1,0,0,10
6,2006,1,1,0,0,10
6,2010,1,1,0,0,10
6,2012,1,1,0,0,10
6,2021,1,1,0,0,10
6,2051,1,1,0,0,10
6,2064,1,1,0,0,10
6,2086,1,1,0,0,10
6,2088,1,1,0,0,10
6,2091,1,1,0,0,10
6,2177,1,1,0,0,10
6,2185,1,1,0,0,10
6,2221,1,1,0,0,10
6,2233,1,1,0,0,10
6,2240,1,1,0,0,10
6,2244,1,1,0,0,10
6,2294,1,1,0,0,10
6,2359,1,1,0,0,10
6,2385,1,1,0,0,10
6,2441,1,1,0,0,10
6,2464,1,1,0,0,10
6,2475,1,1,0,0,10
6,2487,1,1,0,0,10
6,2518,1,1,0,0,10
6,2535,1,1,0,0,10
6,2552,1,1,0,0,10
6,2565,1,1,0,0,10
6,2577,1,1,0,0,10
6,2580,1,1,0,0,10
6,2653,1,1,0,0,10
6,2655,1,1,0,0,10
6,2692,1,1,0,0,10
6,2747,1,1,0,0,10
6,2755,1,1,0,0,10
6,2813,1,1,0,0,10
6,2840,1,1,0,0,10
6,2865,1,1,0,0,10
6,2885,1,1,0,0,10
6,2910,1,1,0,0,10
6,2914,1,1,0,0,10
6,2927,1,1,0,0,10
6,2994,1,1,0,0,10
6,3003,1,1,0,0,10
6,3026,1,1,0,0,10
6,3038,1,1,0,0,10
6,3044,1,1,0,0,10
6,3071,1,1,0,0,10
6,3084,1,1,0,0,10
6,3115,1,1,0,0,10
6,3126,1,1,0,0,10
6,3151,1,1,0,0,10
6,3157,1,1,0,0,10
6,3208,1,1,0,0,10
6,3214,1,1,0,0,10
6,3217,1,1,0,0,10
6,3234,1,1,0,0,10
6,3235,1,1,0,0,10
6,3237,1,1,0,0,10
6,3259,1,1,0,0,10
6,3271,1,1,0,0,10
6,3277,1,1,0,0,10
6,3286,1,1,0,0,10
6,3298,1,1,0,0,10
6,3315,1,1,0,0,10
6,3324,1,1,0,0,10
6,3341,1,1,0,0,10
6,3352,1,1,0,0,10
6,3355,1,1,0,0,10
6,3357,1,1,0,0,10
6,3361,1,1,0,0,10
6,3372,1,1,0,0,10
6,3385,1,1,0,0,10
6,3399,1,1,0,0,10
6,3408,1,1,0,0,10
6,3433,1,1,0,0,10
6,3440,1,1,0,0,10
6,3463,1,1,0,0,10
6,3464,1,1,0,0,10
6,3472,1,1,0,0,10
6,3474,1,1,0,0,10
6,3513,1,1,0,0,10
6,3517,1,1,0,0,10
6,3519,1,1,0,0,10
6,3550,1,1,0,0,10
6,3557,1,1,0,0,10
6,3558,1,1,0,0,10
6,3566,1,1,0,0,10
6,3571,1,1,0,0,10
6,3577,1,1,0,0,10
6,3605,1,1,0,0,10
6,3607,1,1,0,0,10
6,3617,1,1,0,0,10
6,3626,1,1,0,0,10
6,3631,1,1,0,0,10
6,3633,1,1,0,0,10
6,3678,1,1,0,0,10
6,3683,1,1,0,0,10
6,3699,1,1,0,0,10
6,3716,1,1,0,0,10
6,3722,1,1,0,0,10
6,3746,1,1,0,0,10
6,3830,1,1,0,0,10
6,3877,1,1,0,0,10
6,3881,1,1,0,0,10
6,3884,1,1,0,0,10
6,3899,1,1,0,0,10
6,3939,1,1,0,0,10
6,3942,1,1,0,0,10
6,3944,1,1,0,0,10
6,3961,1,1,0,0,10
6,4039,1,1,0,0,10
6,4043,1,1,0,0,10
6,4054,1,1,0,0,10
6,4063,1,1,0,0,10
6,4094,1,1,0,0,10
6,4101,1,1,0,0,10
6,4149,1,1,0,0,10
6,4150,1,1,0,0,10
6,4155,1,1,0,0,10
6,4158,1,1,0,0,10
6,4170,1,1,0,0,10
6,4180,1,1,0,0,10
6,4242,1,1,0,0,10
6,4287,1,1,0,0,10
6,4313,1,1,0,0,10
6,4352,1,1,0,0,10
6,4357,1,1,0,0,10
6,4378,1,1,0,0,10
6,4398,1,1,0,0,10
6,4421,1,1,0,0,10
6,4469,1,1,0,0,10
6,4474,1,1,0,0,10
6,4491,1,1,0,0,10
6,4553,1,1,0,0,10
6,4598,1,1,0,0,10
6,4600,1,1,0,0,10
6,4601,1,1,0,0,10
6,4616,1,1,0,0,10
6,4627,1,1,0,0,10
6,4642,1,1,0,0,10
6,4643,1,1,0,0,10
6,4724,1,1,0,0,10
6,4732,1,1,0,0,10
6,4744,1,1,0,0,10
6,4745,1,1,0,0,10
6,4746,1,1,0,0,10
6,4760,1,1,0,0,10
6,4799,1,1,0,0,10
6,4820,1,1,0,0,10
6,4823,1,1,0,0,10
6,4835,1,1,0,0,10
6,4853,1,1,0,0,10
6,4857,1,1,0,0,10
6,4880,1,1,0,0,10
6,4986,1,1,0,0,10
6,4996,1,1,0,0,10
1,1,1,1,0,0,1
1,4,1,1,0,0,1
1,28,1,1,0,0,1
1,43,1,1,0,1,1
1,62,1,1,1,0,1
1,75,1,1,0,0,1
1,77,1,1,0,0,1
1,80,1,1,0,0,1
1,99,1,1,0,0,1
1,107,1,1,0,0,1
1,188,1,1,1,0,1
1,227,1,1,0,0,1
1,228,1,1,0,0,1
1,234,1,1,0,0,1
1,261,1,1,0,0,1
1,265,1,1,0,0,1
1,268,1,1,0,0,1
1,319,1,1,0,0,1
1,334,1,1,0,0,1
1,362,1,1,1,0,1
1,369,1,1,1,0,1
1,393,1,1,1,0,1
1,423,1,1,0,0,1
1,441,1,1,0,0,1
1,460,1,1,0,0,1
1,468,1,1,0,0,1
1,505,1,1,0,0,1
1,523,1,1,0,0,1
1,620,1,1,0,0,1
1,657,1,1,0,0,1
1,665,1,1,0,0,1
1,670,1,1,0,0,1
1,730,1,1,0,0,1
1,740,1,1,0,1,1
1,778,1,1,0,0,1
1,779,1,1,0,0,1
1,799,1,1,0,0,1
1,815,1,1,0,0,1
1,841,1,1,0,0,1
1,850,1,1,0,0,1
1,876,1,1,0,0,1
1,895,1,1,0,0,1
1,908,1,1,1,0,1
1,912,1,1,0,1,1
1,929,1,1,0,0,1
1,941,1,1,1,0,1
1,942,1,1,0,1,1
1,961,1,1,0,0,1
1,1007,1,1,0,0,1
1,1023,1,1,0,1,1
1,1113,1,1,0,1,1
1,1117,1,1,0,0,1
1,1131,1,1,0,0,1
1,1151,1,1,0,0,1
1,1155,1,1,0,0,1
1,1171,1,1,0,0,1
1,1207,1,1,0,0,1
1,1227,1,1,0,0,1
1,1252,1,1,1,0,1
1,1296,1,1,0,0,1
1,1305,1,1,0,0,1
1,1319,1,1,0,0,1
1,1330,1,1,0,0,1
1,1342,1,1,0,0,1
1,1352,1,1,0,0,1
1,1353,1,1,0,0,1
1,1373,1,1,0,0,1
1,1394,1,1,0,0,1
1,1442,1,1,0,0,1
1,1452,1,1,0,0,1
1,1462,1,1,0,0,1
1,1493,1,1,0,1,1
1,1497,1,1,0,0,1
1,1499,1,1,0,0,1
1,1509,1,1,0,0,1
1,1531,1,1,0,0,1
1,1561,1,1,0,0,1
1,1573,1,1,1,0,1
1,1612,1,1,0,0,1
1,1645,1,1,0,0,1
1,1648,1,1,0,0,1
1,1650,1,1,1,0,1
1,1657,1,1,0,0,1
1,1667,1,1,1,0,1
1,1671,1,1,0,0,1
1,1675,1,1,0,1,1
1,1676,1,1,0,0,1
1,1705,1,1,0,1,1
1,1716,1,1,0,0,1
1,1720,1,1,0,0,1
1,1728,1,1,0,0,1
1,1751,1,1,0,0,1
1,1762,1,1,0,0,1
1,1776,1,1,0,0,1
1,1797,1,1,0,0,1
1,1833,1,1,0,0,1
1,1854,1,1,0,0,1
1,1882,1,1,0,0,1
1,1902,1,1,0,0,1
1,1912,1,1,0,0,1
1,1941,1,1,0,0,1
1,1983,1,1,1,0,1
1,2014,1,1,0,0,1
1,2017,1,1,0,0,1
1,2018,1,1,0,0,1
1,2020,1,1,0,0,1
1,2071,1,1,0,0,1
1,2074,1,1,0,0,1
1,2112,1,1,0,0,1
1,2133,1,1,0,0,1
1,2174,1,1,0,0,1
1,2190,1,1,0,0,1
1,2196,1,1,0,1,1
1,2230,1,1,0,0,1
1,2235,1,1,0,0,1
1,2253,1,1,0,0,1
1,2262,1,1,0,0,1
1,2265,1,1,0,0,1
1,2274,1,1,0,0,1
1,2309,1,1,0,0,1
1,2325,1,1,0,0,1
1,2326,1,1,0,0,1
1,2345,1,1,0,0,1
1,2349,1,1,0,0,1
1,2373,1,1,0,0,1
1,2423,1,1,0,0,1
1,2426,1,1,0,1,1
1,2442,1,1,0,0,1
1,2453,1,1,0,0,1
1,2457,1,1,1,0,1
1,2461,1,1,0,0,1
1,2478,1,1,0,0,1
1,2492,1,1,0,0,1
1,2500,1,1,0,0,1
1,2510,1,1,1,0,1
1,2516,1,1,0,0,1
1,2572,1,1,0,0,1
1,2574,1,1,0,0,1
1,2651,1,1,0,1,1
1,2695,1,1,0,0,1
1,2700,1,1,1,0,1
1,2741,1,1,0,0,1
1,2752,1,1,0,0,1
1,2838,1,1,1,0,1
1,2839,1,1,0,0,1
1,2861,1,1,0,1,1
1,2921,1,1,0,0,1
1,2939,1,1,0,0,1
1,2943,1,1,0,1,1
1,2972,1,1,0,0,1
1,2989,1,1,0,1,1
1,2992,1,1,0,0,1
1,3008,1,1,1,0,1
1,3009,1,1,0,0,1
1,3027,1,1,0,0,1
1,3033,1,1,0,0,1
1,3057,1,1,0,0,1
1,3063,1,1,0,0,1
1,3068,1,1,0,1,1
1,3078,1,1,0,0,1
1,3108,1,1,0,0,1
1,3147,1,1,0,0,1
1,3149,1,1,0,0,1
1,3155,1,1,0,0,1
1,3218,1,1,1,0,1
1,3223,1,1,0,0,1
1,3228,1,1,0,0,1
1,3285,1,1,0,0,1
1,3332,1,1,1,0,1
1,3396,1,1,0,1,1
1,3397,1,1,0,0,1
1,3419,1,1,0,1,1
1,3434,1,1,1,0,1
1,3457,1,1,1,0,1
1,3469,1,1,0,0,1
1,3489,1,1,0,1,1
1,3490,1,1,0,0,1
1,3497,1,1,0,1,1
1,3514,1,1,0,0,1
1,3546,1,1,0,0,1
1,3563,1,1,0,0,1
1,3565,1,1,0,0,1
1,3569,1,1,0,0,1
1,3627,1,1,0,1,1
1,3651,1,1,0,0,1
1,3662,1,1,0,0,1
1,3693,1,1,0,0,1
1,3706,1,1,0,0,1
1,3742,1,1,0,0,1
1,3765,1,1,0,0,1
1,3783,1,1,0,0,1
1,3792,1,1,0,0,1
1,3823,1,1,0,0,1
1,3837,1,1,0,0,1
1,3863,1,1,0,1,1
1,3870,1,1,0,0,1
1,3872,1,1,0,1,1
1,3893,1,1,0,0,1
1,3895,1,1,0,0,1
1,3916,1,1,0,0,1
1,3935,1,1,0,1,1
1,3989,1,1,1,0,1
1,3996,1,1,0,0,1
1,4005,1,1,0,0,1
1,4056,1,1,0,0,1
1,4076,1,1,0,0,1
1,4109,1,1,0,1,1
1,4122,1,1,0,0,1
1,4145,1,1,0,0,1
1,4162,1,1,0,0,1
1,4177,1,1,0,0,1
1,4188,1,1,0,0,1
1,4197,1,1,0,0,1
1,4202,1,1,0,0,1
1,4238,1,1,0,0,1
1,4247,1,1,0,0,1
1,4284,1,1,1,0,1
1,4305,1,1,0,0,1
1,4330,1,1,0,0,1
1,4338,1,1,0,0,1
1,4348,1,1,0,1,1
1,4399,1,1,0,0,1
1,4406,1,1,0,0,1
1,4423,1,1,1,0,1
1,4476,1,1,1,0,1
1,4534,1,1,0,0,1
1,4561,1,1,0,0,1
1,4568,1,1,0,0,1
1,4573,1,1,0,0,1
1,4587,1,1,0,0,1
1,4590,1,1,0,0,1
1,4614,1,1,0,0,1
1,4619,1,1,0,1,1
1,4622,1,1,0,0,1
1,4648,1,1,0,0,1
1,4649,1,1,0,0,1
1,4652,1,1,0,0,1
1,4665,1,1,0,1,1
1,4715,1,1,0,0,1
1,4731,1,1,0,0,1
1,4773,1,1,0,0,1
1,4777,1,1,0,1,1
1,4788,1,1,0,0,1
1,4793,1,1,1,0,1
1,4802,1,1,0,0,1
1,4843,1,1,0,0,1
1,4875,1,1,0,0,1
1,4914,1,1,1,0,1
1,4931,1,1,0,0,1
1,4943,1,1,0,0,1
1,4951,1,1,1,0,1
1,4961,1,1,0,0,1
1,4981,1,1,0,0,1
1,4988,1,1,1,0,1
1,4998,1,1,1,0,1
1,29,1,1,0,0,10
1,30,1,1,1,0,10
1,31,1,1,0,0,10
1,69,1,1,0,0,10
1,94,1,1,1,0,10
1,129,1,1,0,0,10
1,177,1,1,0,0,10
1,181,1,1,1,0,10
1,231,1,1,0,0,10
1,246,1,1,0,0,10
1,298,1,1,0,0,10
1,299,1,1,1,0,10
1,313,1,1,1,0,10
1,390,1,1,0,0,10
1,420,1,1,1,0,10
1,440,1,1,0,0,10
1,442,1,1,1,0,10
1,465,1,1,0,0,10
1,485,1,1,0,0,10
1,495,1,1,0,0,10
1,520,1,1,1,0,10
1,527,1,1,1,0,10
1,573,1,1,0,0,10
1,579,1,1,1,0,10
1,593,1,1,0,0,10
1,595,1,1,0,0,10
1,597,1,1,1,0,10
1,644,1,1,0,0,10
1,648,1,1,0,0,10
1,667,1,1,1,0,10
1,705,1,1,0,0,10
1,706,1,1,0,0,10
1,714,1,1,1,0,10
1,733,1,1,0,0,10
1,747,1,1,0,0,10
1,771,1,1,0,0,10
1,804,1,1,0,0,10
1,808,1,1,1,0,10
1,809,1,1,0,0,10
1,834,1,1,0,0,10
1,849,1,1,1,0,10
1,891,1,1,1,0,10
1,924,1,1,1,0,10
1,947,1,1,1,0,10
1,951,1,1,0,0,10
1,972,1,1,0,0,10
1,984,1,1,1,0,10
1,1016,1,1,1,0,10
1,1065,1,1,0,0,10
1,1108,1,1,1,0,10
1,1112,1,1,0,0,10
1,1114,1,1,0,0,10
1,1120,1,1,1,0,10
1,1127,1,1,0,0,10
1,1139,1,1,1,0,10
1,1173,1,1,1,0,10
1,1181,1,1,0,0,10
1,1226,1,1,0,0,10
1,1302,1,1,0,0,10
1,1315,1,1,0,0,10
1,1320,1,1,0,0,10
1,1351,1,1,0,0,10
1,1369,1,1,0,0,10
1,1384,1,1,1,0,10
1,1402,1,1,1,0,10
1,1409,1,1,0,0,10
1,1414,1,1,0,0,10
1,1424,1,1,1,0,10
1,1450,1,1,1,0,10
1,1575,1,1,1,0,10
1,1576,1,1,0,0,10
1,1588,1,1,0,0,10
1,1617,1,1,1,0,10
1,1631,1,1,1,0,10
1,1647,1,1,0,0,10
1,1668,1,1,1,0,10
1,1674,1,1,1,0,10
1,1688,1,1,0,0,10
1,1753,1,1,0,0,10
1,1841,1,1,1,0,10
1,1863,1,1,0,0,10
1,1888,1,1,1,0,10
1,1952,1,1,0,0,10
1,1956,1,1,0,0,10
1,1961,1,1,1,0,10
1,1964,1,1,0,0,10
1,1987,1,1,0,0,10
1,1996,1,1,1,0,10
1,2006,1,1,0,0,10
1,2010,1,1,1,0,10
1,2012,1,1,1,0,10
1,2021,1,1,0,0,10
1,2051,1,1,1,0,10
1,2064,1,1,1,0,10
1,2086,1,1,0,0,10
1,2088,1,1,0,0,10
1,2091,1,1,0,0,10
1,2177,1,1,0,0,10
1,2185,1,1,0,0,10
1,2221,1,1,1,0,10
1,2233,1,1,0,0,10
1,2240,1,1,1,0,10
1,2244,1,1,0,0,10
1,2294,1,1,0,0,10
1,2359,1,1,0,0,10
1,2385,1,1,1,0,10
1,2441,1,1,0,0,10
1,2464,1,1,1,0,10
1,2475,1,1,1,0,10
1,2487,1,1,0,0,10
1,2518,1,1,1,0,10
1,2535,1,1,0,0,10
1,2552,1,1,1,0,10
1,2565,1,1,1,0,10
1,2577,1,1,0,0,10
1,2580,1,1,0,0,10
1,2653,1,1,1,0,10
1,2655,1,1,0,0,10
1,2692,1,1,1,0,10
1,2747,1,1,1,0,10
1,2755,1,1,1,0,10
1,2813,1,1,0,0,10
1,2840,1,1,0,0,10
1,2865,1,1,0,0,10
1,2885,1,1,1,0,10
1,2910,1,1,0,0,10
1,2914,1,1,1,0,10
1,2927,1,1,1,0,10
1,2994,1,1,0,0,10
1,3003,1,1,0,0,10
1,3026,1,1,0,0,10
1,3038,1,1,1,0,10
1,3044,1,1,1,0,10
1,3071,1,1,0,0,10
1,3084,1,1,1,0,10
1,3115,1,1,0,0,10
1,3126,1,1,1,0,10
1,3151,1,1,1,0,10
1,3157,1,1,1,0,10
1,3208,1,1,1,0,10
1,3214,1,1,0,0,10
1,3217,1,1,0,0,10
1,3234,1,1,0,0,10
1,3235,1,1,1,0,10
1,3237,1,1,0,0,10
1,3259,1,1,0,0,10
1,3271,1,1,0,0,10
1,3277,1,1,0,0,10
1,3286,1,1,1,0,10
1,3298,1,1,0,0,10
1,3315,1,1,0,0,10
1,3324,1,1,0,0,10
1,3341,1,1,0,0,10
1,3352,1,1,1,0,10
1,3355,1,1,0,0,10
1,3357,1,1,0,0,10
1,3361,1,1,1,0,10
1,3372,1,1,0,0,10
1,3385,1,1,0,0,10
1,3399,1,1,0,0,10
1,3408,1,1,0,0,10
1,3433,1,1,1,0,10
1,3440,1,1,0,0,10
1,3463,1,1,0,0,10
1,3464,1,1,1,0,10
1,3472,1,1,0,0,10
1,3474,1,1,0,0,10
1,3513,1,1,1,0,10
1,3517,1,1,0,0,10
1,3519,1,1,0,0,10
1,3550,1,1,0,0,10
1,3557,1,1,1,0,10
1,3558,1,1,1,0,10
1,3566,1,1,0,0,10
1,3571,1,1,0,0,10
1,3577,1,1,1,0,10
1,3605,1,1,0,0,10
1,3607,1,1,0,0,10
1,3617,1,1,0,0,10
1,3626,1,1,1,0,10
1,3631,1,1,0,0,10
1,3633,1,1,1,0,10
1,3678,1,1,1,0,10
1,3683,1,1,0,0,10
1,3699,1,1,0,0,10
1,3716,1,1,1,0,10
1,3722,1,1,1,0,10
1,3746,1,1,1,0,10
1,3830,1,1,0,0,10
1,3877,1,1,0,0,10
1,3881,1,1,0,0,10
1,3884,1,1,1,0,10
1,3899,1,1,1,0,10
1,3939,1,1,0,0,10
1,3942,1,1,0,0,10
1,3944,1,1,0,0,10
1,3961,1,1,0,0,10
1,4039,1,1,0,0,10
1,4043,1,1,1,0,10
1,4054,1,1,0,0,10
1,4063,1,1,0,0,10
1,4094,1,1,1,0,10
1,4101,1,1,0,0,10
1,4149,1,1,0,0,10
1,4150,1,1,0,0,10
1,4155,1,1,0,0,10
1,4158,1,1,0,0,10
1,4170,1,1,0,0,10
1,4180,1,1,1,0,10
1,4242,1,1,1,0,10
1,4287,1,1,0,0,10
1,4313,1,1,0,0,10
1,4352,1,1,0,0,10
1,4357,1,1,0,0,10
1,4378,1,1,0,0,10
1,4398,1,1,0,0,10
1,4421,1,1,1,0,10
1,4469,1,1,0,0,10
1,4474,1,1,0,0,10
1,4491,1,1,1,0,10
1,4553,1,1,0,0,10
1,4598,1,1,1,0,10
1,4600,1,1,0,0,10
1,4601,1,1,0,0,10
1,4616,1,1,1,0,10
1,4627,1,1,0,0,10
1,4642,1,1,1,0,10
1,4643,1,1,0,0,10
1,4724,1,1,0,0,10
1,4732,1,1,0,0,10
1,4744,1,1,0,0,10
1,4745,1,1,1,0,10
1,4746,1,1,0,0,10
1,4760,1,1,1,0,10
1,4799,1,1,0,0,10
1,4820,1,1,1,0,10
1,4823,1,1,1,0,10
1,4835,1,1,0,0,10
1,4853,1,1,0,0,10
1,4857,1,1,0,0,10
1,4880,1,1,0,0,10
1,4986,1,1,0,0,10
1,4996,1,1,0,0,10
0,1,1,1,0,1,1
0,4,1,1,0,0,1
0,28,1,1,0,0,1
0,43,1,1,0,1,1
0,62,1,1,1,0,1
0,75,1,1,0,1,1
0,77,1,1,0,0,1
0,80,1,1,0,0,1
0,99,1,1,0,0,1
0,107,1,1,0,0,1
0,188,1,1,1,0,1
0,227,1,1,0,0,1
0,228,1,1,0,0,1
0,234,1,1,0,0,1
0,261,1,1,1,0,1
0,265,1,1,0,0,1
0,268,1,1,0,0,1
0,319,1,1,0,0,1
0,334,1,1,1,0,1
0,362,1,1,1,0,1
0,369,1,1,1,0,1
0,393,1,1,1,0,1
0,423,1,1,0,0,1
0,441,1,1,0,0,1
0,460,1,1,0,0,1
0,468,1,1,0,0,1
0,505,1,1,0,0,1
0,523,1,1,0,0,1
0,620,1,1,1,0,1
0,657,1,1,1,0,1
0,665,1,1,1,0,1
0,670,1,1,0,0,1
0,730,1,1,0,0,1
0,740,1,1,0,1,1
0,778,1,1,0,0,1
0,779,1,1,0,0,1
0,799,1,1,0,0,1
0,815,1,1,0,0,1
0,841,1,1,0,0,1
0,850,1,1,0,0,1
0,876,1,1,0,1,1
0,895,1,1,0,0,1
0,908,1,1,1,0,1
0,912,1,1,0,1,1
0,929,1,1,1,0,1
0,941,1,1,1,0,1
0,942,1,1,0,1,1
0,961,1,1,0,0,1
0,1007,1,1,0,0,1
0,1023,1,1,0,1,1
0,1113,1,1,0,1,1
0,1117,1,1,0,0,1
0,1131,1,1,0,0,1
0,1151,1,1,0,0,1
0,1155,1,1,0,0,1
0,1171,1,1,0,0,1
0,1207,1,1,0,0,1
0,1227,1,1,0,1,1
0,1252,1,1,1,0,1
0,1296,1,1,0,0,1
0,1305,1,1,0,0,1
0,1319,1,1,0,0,1
0,1330,1,1,1,0,1
0,1342,1,1,0,0,1
0,1352,1,1,0,0,1
0,1353,1,1,0,0,1
0,1373,1,1,0,0,1
0,1394,1,1,0,0,1
0,1442,1,1,0,0,1
0,1452,1,1,0,0,1
0,1462,1,1,0,0,1
0,1493,1,1,0,1,1
0,1497,1,1,1,0,1
0,1499,1,1,0,0,1
0,1509,1,1,0,0,1
0,1531,1,1,0,0,1
0,1561,1,1,0,0,1
0,1573,1,1,1,0,1
0,1612,1,1,0,0,1
0,1645,1,1,0,0,1
0,1648,1,1,0,0,1
0,1650,1,1,1,0,1
0,1657,1,1,0,0,1
0,1667,1,1,1,0,1
0,1671,1,1,0,0,1
0,1675,1,1,0,1,1
0,1676,1,1,0,0,1
0,1705,1,1,0,1,1
0,1716,1,1,0,0,1
0,1720,1,1,1,0,1
0,1728,1,1,1,0,1
0,1751,1,1,0,0,1
0,1762,1,1,0,0,1
0,1776,1,1,0,0,1
0,1797,1,1,0,0,1
0,1833,1,1,0,0,1
0,1854,1,1,0,0,1
0,1882,1,1,0,0,1
0,1902,1,1,0,0,1
0,1912,1,1,0,0,1
0,1941,1,1,0,0,1
0,1983,1,1,1,0,1
0,2014,1,1,0,0,1
0,2017,1,1,0,0,1
0,2018,1,1,0,0,1
0,2020,1,1,0,0,1
0,2071,1,1,1,0,1
0,2074,1,1,0,1,1
0,2112,1,1,0,0,1
0,2133,1,1,0,0,1
0,2174,1,1,1,0,1
0,2190,1,1,0,0,1
0,2196,1,1,0,1,1
0,2230,1,1,1,0,1
0,2235,1,1,0,0,1
0,2253,1,1,0,1,1
0,2262,1,1,0,0,1
0,2265,1,1,0,0,1
0,2274,1,1,1,0,1
0,2309,1,1,1,0,1
0,2325,1,1,0,0,1
0,2326,1,1,0,0,1
0,2345,1,1,0,0,1
0,2349,1,1,0,0,1
0,2373,1,1,0,0,1
0,2423,1,1,0,0,1
0,2426,1,1,0,1,1
0,2442,1,1,0,0,1
0,2453,1,1,0,0,1
0,2457,1,1,1,0,1
0,2461,1,1,0,0,1
0,2478,1,1,0,0,1
0,2492,1,1,0,0,1
0,2500,1,1,0,0,1
0,2510,1,1,1,0,1
0,2516,1,1,0,0,1
0,2572,1,1,0,0,1
0,2574,1,1,0,0,1
0,2651,1,1,0,1,1
0,2695,1,1,1,0,1
0,2700,1,1,1,0,1
0,2741,1,1,1,0,1
0,2752,1,1,0,0,1
0,2838,1,1,1,0,1
0,2839,1,1,0,0,1
0,2861,1,1,0,1,1
0,2921,1,1,0,0,1
0,2939,1,1,1,0,1
0,2943,1,1,0,1,1
0,2972,1,1,0,1,1
0,2989,1,1,0,1,1
0,2992,1,1,0,0,1
0,3008,1,1,1,0,1
0,3009,1,1,0,0,1
0,3027,1,1,0,1,1
0,3033,1,1,1,0,1
0,3057,1,1,0,0,1
0,3063,1,1,0,0,1
0,3068,1,1,0,1,1
0,3078,1,1,0,1,1
0,3108,1,1,0,0,1
0,3147,1,1,0,0,1
0,3149,1,1,0,0,1
0,3155,1,1,0,0,1
0,3218,1,1,1,0,1
0,3223,1,1,0,0,1
0,3228,1,1,0,1,1
0,3285,1,1,0,0,1
0,3332,1,1,1,0,1
0,3396,1,1,0,1,1
0,3397,1,1,0,1,1
0,3419,1,1,0,1,1
0,3434,1,1,1,0,1
0,3457,1,1,1,0,1
0,3469,1,1,0,0,1
0,3489,1,1,0,1,1
0,3490,1,1,0,0,1
0,3497,1,1,0,1,1
0,3514,1,1,0,0,1
0,3546,1,1,1,0,1
0,3563,1,1,0,0,1
0,3565,1,1,0,0,1
0,3569,1,1,0,0,1
0,3627,1,1,0,1,1
0,3651,1,1,0,1,1
0,3662,1,1,0,0,1
0,3693,1,1,0,0,1
0,3706,1,1,0,0,1
0,3742,1,1,0,0,1
0,3765,1,1,0,0,1
0,3783,1,1,0,0,1
0,3792,1,1,0,0,1
0,3823,1,1,0,0,1
0,3837,1,1,0,0,1
0,3863,1,1,0,1,1
0,3870,1,1,0,0,1
0,3872,1,1,0,1,1
0,3893,1,1,0,0,1
0,3895,1,1,1,0,1
0,3916,1,1,0,0,1
0,3935,1,1,0,1,1
0,3989,1,1,1,0,1
0,3996,1,1,0,0,1
0,4005,1,1,0,0,1
0,4056,1,1,0,1,1
0,4076,1,1,0,0,1
0,4109,1,1,0,1,1
0,4122,1,1,0,0,1
0,4145,1,1,0,0,1
0,4162,1,1,1,0,1
0,4177,1,1,0,0,1
0,4188,1,1,0,0,1
0,4197,1,1,0,0,1
0,4202,1,1,1,0,1
0,4238,1,1,0,0,1
0,4247,1,1,1,0,1
0,4284,1,1,1,0,1
0,4305,1,1,1,0,1
0,4330,1,1,0,1,1
0,4338,1,1,1,0,1
0,4348,1,1,0,1,1
0,4399,1,1,1,0,1
0,4406,1,1,0,0,1
0,4423,1,1,1,0,1
0,4476,1,1,1,0,1
0,4534,1,1,0,0,1
0,4561,1,1,0,1,1
0,4568,1,1,0,0,1
0,4573,1,1,0,0,1
0,4587,1,1,0,0,1
0,4590,1,1,0,0,1
0,4614,1,1,0,0,1
0,4619,1,1,0,1,1
0,4622,1,1,0,0,1
0,4648,1,1,0,0,1
0,4649,1,1,0,0,1
0,4652,1,1,0,1,1
0,4665,1,1,0,1,1
0,4715,1,1,0,0,1
0,4731,1,1,0,0,1
0,4773,1,1,0,0,1
0,4777,1,1,0,1,1
0,4788,1,1,1,0,1
0,4793,1,1,1,0,1
0,4802,1,1,1,0,1
0,4843,1,1,0,0,1
0,4875,1,1,1,0,1
0,4914,1,1,1,0,1
0,4931,1,1,0,1,1
0,4943,1,1,1,0,1
0,4951,1,1,1,0,1
0,4961,1,1,0,0,1
0,4981,1,1,0,1,1
0,4988,1,1,1,0,1
0,4998,1,1,1,0,1
0,29,1,1,1,0,10
0,30,1,1,1,0,10
0,31,1,1,1,0,10
0,69,1,1,0,0,10
0,94,1,1,1,0,10
0,129,1,1,1,0,10
0,177,1,1,0,0,10
0,181,1,1,1,0,10
0,231,1,1,0,0,10
0,246,1,1,1,0,10
0,298,1,1,1,0,10
0,299,1,1,1,0,10
0,313,1,1,1,0,10
0,390,1,1,1,0,10
0,420,1,1,1,0,10
0,440,1,1,0,0,10
0,442,1,1,1,0,10
0,465,1,1,0,0,10
0,485,1,1,0,0,10
0,495,1,1,0,0,10
0,520,1,1,1,0,10
0,527,1,1,1,0,10
0,573,1,1,0,0,10
0,579,1,1,1,0,10
0,593,1,1,0,0,10
0,595,1,1,1,0,10
0,597,1,1,1,0,10
0,644,1,1,0,0,10
0,648,1,1,0,0,10
0,667,1,1,1,0,10
0,705,1,1,0,0,10
0,706,1,1,0,0,10
0,714,1,1,1,0,10
0,733,1,1,0,0,10
0,747,1,1,0,0,10
0,771,1,1,1,0,10
0,804,1,1,1,0,10
0,808,1,1,1,0,10
0,809,1,1,1,0,10
0,834,1,1,0,0,10
0,849,1,1,1,0,10
0,891,1,1,1,0,10
0,924,1,1,1,0,10
0,947,1,1,1,0,10
0,951,1,1,0,0,10
0,972,1,1,0,0,10
0,984,1,1,1,0,10
0,1016,1,1,1,0,10
0,1065,1,1,0,0,10
0,1108,1,1,1,0,10
0,1112,1,1,1,0,10
0,1114,1,1,1,0,10
0,1120,1,1,1,0,10
0,1127,1,1,0,0,10
0,1139,1,1,1,0,10
0,1173,1,1,1,0,10
0,1181,1,1,0,0,10
0,1226,1,1,1,0,10
0,1302,1,1,0,0,10
0,1315,1,1,0,0,10
0,1320,1,1,0,0,10
0,1351,1,1,0,0,10
0,1369,1,1,1,0,10
0,1384,1,1,1,0,10
0,1402,1,1,1,0,10
0,1409,1,1,1,0,10
0,1414,1,1,0,0,10
0,1424,1,1,1,0,10
0,1450,1,1,1,0,10
0,1575,1,1,1,0,10
0,1576,1,1,1,0,10
0,1588,1,1,1,0,10
0,1617,1,1,1,0,10
0,1631,1,1,1,0,10
0,1647,1,1,1,0,10
0,1668,1,1,1,0,10
0,1674,1,1,1,0,10
0,1688,1,1,0,0,10
0,1753,1,1,0,0,10
0,1841,1,1,1,0,10
0,1863,1,1,1,0,10
0,1888,1,1,1,0,10
0,1952,1,1,1,0,10
0,1956,1,1,0,0,10
0,1961,1,1,1,0,10
0,1964,1,1,1,0,10
0,1987,1,1,1,0,10
0,1996,1,1,1,0,10
0,2006,1,1,0,0,10
0,2010,1,1,1,0,10
0,2012,1,1,1,0,10
0,2021,1,1,0,0,10
0,2051,1,1,1,0,10
0,2064,1,1,1,0,10
0,2086,1,1,1,0,10
0,2088,1,1,0,0,10
0,2091,1,1,0,0,10
0,2177,1,1,1,0,10
0,2185,1,1,0,0,10
0,2221,1,1,1,0,10
0,2233,1,1,1,0,10
0,2240,1,1,1,0,10
0,2244,1,1,0,0,10
0,2294,1,1,1,0,10
0,2359,1,1,1,0,10
0,2385,1,1,1,0,10
0,2441,1,1,0,0,10
0,2464,1,1,1,0,10
0,2475,1,1,1,0,10
0,2487,1,1,0,0,10
0,2518,1,1,1,0,10
0,2535,1,1,0,0,10
0,2552,1,1,1,0,10
0,2565,1,1,1,0,10
0,2577,1,1,0,0,10
0,2580,1,1,0,0,10
0,2653,1,1,1,0,10
0,2655,1,1,1,0,10
0,2692,1,1,1,0,10
0,2747,1,1,1,0,10
0,2755,1,1,1,0,10
0,2813,1,1,1,0,10
0,2840,1,1,0,0,10
0,2865,1,1,0,0,10
0,2885,1,1,1,0,10
0,2910,1,1,1,0,10
0,2914,1,1,1,0,10
0,2927,1,1,1,0,10
0,2994,1,1,1,0,10
0,3003,1,1,0,0,10
0,3026,1,1,0,0,10
0,3038,1,1,1,0,10
0,3044,1,1,1,0,10
0,3071,1,1,1,0,10
0,3084,1,1,1,0,10
0,3115,1,1,0,0,10
0,3126,1,1,1,0,10
0,3151,1,1,1,0,10
0,3157,1,1,1,0,10
0,3208,1,1,1,0,10
0,3214,1,1,1,0,10
0,3217,1,1,1,0,10
0,3234,1,1,0,0,10
0,3235,1,1,1,0,10
0,3237,1,1,1,0,10
0,3259,1,1,0,0,10
0,3271,1,1,0,0,10
0,3277,1,1,0,0,10
0,3286,1,1,1,0,10
0,3298,1,1,0,0,10
0,3315,1,1,0,0,10
0,3324,1,1,1,0,10
0,3341,1,1,0,0,10
0,3352,1,1,1,0,10
0,3355,1,1,0,0,10
0,3357,1,1,1,0,10
0,3361,1,1,1,0,10
0,3372,1,1,0,0,10
0,3385,1,1,0,0,10
0,3399,1,1,0,0,10
0,3408,1,1,0,0,10
0,3433,1,1,1,0,10
0,3440,1,1,0,0,10
0,3463,1,1,0,0,10
0,3464,1,1,1,0,10
0,3472,1,1,0,0,10
0,3474,1,1,0,0,10
0,3513,1,1,1,0,10
0,3517,1,1,1,0,10
0,3519,1,1,1,0,10
0,3550,1,1,0,0,10
0,3557,1,1,1,0,10
0,3558,1,1,1,0,10
0,3566,1,1,1,0,10
0,3571,1,1,1,0,10
0,3577,1,1,1,0,10
0,3605,1,1,1,0,10
0,3607,1,1,0,0,10
0,3617,1,1,1,0,10
0,3626,1,1,1,0,10
0,3631,1,1,1,0,10
0,3633,1,1,1,0,10
0,3678,1,1,1,0,10
0,3683,1,1,0,0,10
0,3699,1,1,1,0,10
0,3716,1,1,1,0,10
0,3722,1,1,1,0,10
0,3746,1,1,1,0,10
0,3830,1,1,0,0,10
0,3877,1,1,1,0,10
0,3881,1,1,0,0,10
0,3884,1,1,1,0,10
0,3899,1,1,1,0,10
0,3939,1,1,0,0,10
0,3942,1,1,0,0,10
0,3944,1,1,0,0,10
0,3961,1,1,1,0,10
0,4039,1,1,0,0,10
0,4043,1,1,1,0,10
0,4054,1,1,0,0,10
0,4063,1,1,1,0,10
0,4094,1,1,1,0,10
0,4101,1,1,0,0,10
0,4149,1,1,0,0,10
0,4150,1,1,0,0,10
0,4155,1,1,0,0,10
0,4158,1,1,0,0,10
0,4170,1,1,0,0,10
0,4180,1,1,1,0,10
0,4242,1,1,1,0,10
0,4287,1,1,0,0,10
0,4313,1,1,0,0,10
0,4352,1,1,0,0,10
0,4357,1,1,1,0,10
0,4378,1,1,0,0,10
0,4398,1,1,0,0,10
0,4421,1,1,1,0,10
0,4469,1,1,0,0,10
0,4474,1,1,0,0,10
0,4491,1,1,1,0,10
0,4553,1,1,0,0,10
0,4598,1,1,1,0,10
0,4600,1,1,0,0,10
0,4601,1,1,1,0,10
0,4616,1,1,1,0,10
0,4627,1,1,0,0,10
0,4642,1,1,1,0,10
0,4643,1,1,0,0,10
0,4724,1,1,1,0,10
0,4732,1,1,0,0,10
0,4744,1,1,1,0,10
0,4745,1,1,1,0,10
0,4746,1,1,0,0,10
0,4760,1,1,1,0,10
0,4799,1,1,1,0,10
0,4820,1,1,1,0,10
0,4823,1,1,1,0,10
0,4835,1,1,0,0,10
0,4853,1,1,0,0,10
0,4857,1,1,0,0,10
0,4880,1,1,0,0,10
0,4986,1,1,0,0,10
0,4996,1,1,0,0,10
2,1,1,1,0,0,1
2,4,1,1,0,0,1
2,28,1,1,0,1,1
2,43,1,1,0,1,1
2,62,1,1,1,0,1
2,75,1,1,0,0,1
2,77,1,1,0,0,1
2,80,1,1,0,1,1
2,99,1,1,0,0,1
2,107,1,1,0,0,1
2,188,1,1,1,0,1
2,227,1,1,0,1,1
2,228,1,1,0,1,1
2,234,1,1,0,1,1
2,261,1,1,0,0,1
2,265,1,1,0,1,1
2,268,1,1,0,1,1
2,319,1,1,0,1,1
2,334,1,1,0,0,1
2,362,1,1,1,0,1
2,369,1,1,1,0,1
2,393,1,1,1,0,1
2,423,1,1,0,1,1
2,441,1,1,0,1,1
2,460,1,1,0,0,1
2,468,1,1,0,0,1
2,505,1,1,0,1,1
2,523,1,1,0,0,1
2,620,1,1,0,0,1
2,657,1,1,0,0,1
2,665,1,1,0,0,1
2,670,1,1,0,1,1
2,730,1,1,0,0,1
2,740,1,1,0,1,1
2,778,1,1,0,1,1
2,779,1,1,0,0,1
2,799,1,1,0,1,1
2,815,1,1,0,0,1
2,841,1,1,0,0,1
2,850,1,1,0,0,1
2,876,1,1,0,0,1
2,895,1,1,0,0,1
2,908,1,1,1,0,1
2,912,1,1,0,1,1
2,929,1,1,0,0,1
2,941,1,1,1,0,1
2,942,1,1,0,1,1
2,961,1,1,0,0,1
2,1007,1,1,0,1,1
2,1023,1,1,0,1,1
2,1113,1,1,0,1,1
2,1117,1,1,0,1,1
2,1131,1,1,0,1,1
2,1151,1,1,0,1,1
2,1155,1,1,0,1,1
2,1171,1,1,0,0,1
2,1207,1,1,0,1,1
2,1227,1,1,0,0,1
2,1252,1,1,1,0,1
2,1296,1,1,0,1,1
2,1305,1,1,0,0,1
2,1319,1,1,0,0,1
2,1330,1,1,0,0,1
2,1342,1,1,0,0,1
2,1352,1,1,0,0,1
2,1353,1,1,0,1,1
2,1373,1,1,0,1,1
2,1394,1,1,0,0,1
2,1442,1,1,0,1,1
2,1452,1,1,0,0,1
2,1462,1,1,0,0,1
2,1493,1,1,0,1,1
2,1497,1,1,0,0,1
2,1499,1,1,0,0,1
2,1509,1,1,0,1,1
2,1531,1,1,0,0,1
2,1561,1,1,0,1,1
2,1573,1,1,1,0,1
2,1612,1,1,0,1,1
2,1645,1,1,0,1,1
2,1648,1,1,0,0,1
2,1650,1,1,1,0,1
2,1657,1,1,0,1,1
2,1667,1,1,1,0,1
2,1671,1,1,0,0,1
2,1675,1,1,0,1,1
2,1676,1,1,0,0,1
2,1705,1,1,0,1,1
2,1716,1,1,0,1,1
2,1720,1,1,0,0,1
2,1728,1,1,0,0,1
2,1751,1,1,0,0,1
2,1762,1,1,0,1,1
2,1776,1,1,0,0,1
2,1797,1,1,0,0,1
2,1833,1,1,0,0,1
2,1854,1,1,0,1,1
2,1882,1,1,0,0,1
2,1902,1,1,0,1,1
2,1912,1,1,0,1,1
2,1941,1,1,0,1,1
2,1983,1,1,1,0,1
2,2014,1,1,0,1,1
2,2017,1,1,0,0,1
2,2018,1,1,0,0,1
2,2020,1,1,0,0,1
2,2071,1,1,0,0,1
2,2074,1,1,0,0,1
2,2112,1,1,0,1,1
2,2133,1,1,0,1,1
2,2174,1,1,0,0,1
2,2190,1,1,0,1,1
2,2196,1,1,0,1,1
2,2230,1,1,0,0,1
2,2235,1,1,0,0,1
2,2253,1,1,0,0,1
2,2262,1,1,0,0,1
2,2265,1,1,0,1,1
2,2274,1,1,0,0,1
2,2309,1,1,0,0,1
2,2325,1,1,0,1,1
2,2326,1,1,0,0,1
2,2345,1,1,0,1,1
2,2349,1,1,0,1,1
2,2373,1,1,0,1,1
2,2423,1,1,0,1,1
2,2426,1,1,0,1,1
2,2442,1,1,0,1,1
2,2453,1,1,0,0,1
2,2457,1,1,1,0,1
2,2461,1,1,0,1,1
2,2478,1,1,0,1,1
2,2492,1,1,0,0,1
2,2500,1,1,0,1,1
2,2510,1,1,1,0,1
2,2516,1,1,0,1,1
2,2572,1,1,0,1,1
2,2574,1,1,0,1,1
2,2651,1,1,0,1,1
2,2695,1,1,0,0,1
2,2700,1,1,1,0,1
2,2741,1,1,0,0,1
2,2752,1,1,0,0,1
2,2838,1,1,1,0,1
2,2839,1,1,0,1,1
2,2861,1,1,0,1,1
2,2921,1,1,0,0,1
2,2939,1,1,0,0,1
2,2943,1,1,0,1,1
2,2972,1,1,0,0,1
2,2989,1,1,0,1,1
2,2992,1,1,0,1,1
2,3008,1,1,1,0,1
2,3009,1,1,0,1,1
2,3027,1,1,0,0,1
2,3033,1,1,0,0,1
2,3057,1,1,0,1,1
2,3063,1,1,0,0,1
2,3068,1,1,0,1,1
2,3078,1,1,0,0,1
2,3108,1,1,0,0,1
2,3147,1,1,0,1,1
2,3149,1,1,0,1,1
2,3155,1,1,0,1,1
2,3218,1,1,1,0,1
2,3223,1,1,0,1,1
2,3228,1,1,0,0,1
2,3285,1,1,0,1,1
2,3332,1,1,1,0,1
2,3396,1,1,0,1,1
2,3397,1,1,0,0,1
2,3419,1,1,0,1,1
2,3434,1,1,1,0,1
2,3457,1,1,1,0,1
2,3469,1,1,0,1,1
2,3489,1,1,0,1,1
2,3490,1,1,0,1,1
2,3497,1,1,0,1,1
2,3514,1,1,0,1,1
2,3546,1,1,0,0,1
2,3563,1,1,0,1,1
2,3565,1,1,0,1,1
2,3569,1,1,0,0,1
2,3627,1,1,0,1,1
2,3651,1,1,0,0,1
2,3662,1,1,0,0,1
2,3693,1,1,0,1,1
2,3706,1,1,0,1,1
2,3742,1,1,0,1,1
2,3765,1,1,0,0,1
2,3783,1,1,0,1,1
2,3792,1,1,0,1,1
2,3823,1,1,0,1,1
2,3837,1,1,0,0,1
2,3863,1,1,0,1,1
2,3870,1,1,0,1,1
2,3872,1,1,0,1,1
2,3893,1,1,0,1,1
2,3895,1,1,0,0,1
2,3916,1,1,0,0,1
2,3935,1,1,0,1,1
2,3989,1,1,1,0,1
2,3996,1,1,0,0,1
2,4005,1,1,0,0,1
2,4056,1,1,0,0,1
2,4076,1,1,0,0,1
2,4109,1,1,0,1,1
2,4122,1,1,0,0,1
2,4145,1,1,0,1,1
2,4162,1,1,0,0,1
2,4177,1,1,0,1,1
2,4188,1,1,0,1,1
2,4197,1,1,0,0,1
2,4202,1,1,0,0,1
2,4238,1,1,0,0,1
2,4247,1,1,0,0,1
2,4284,1,1,1,0,1
2,4305,1,1,0,0,1
2,4330,1,1,0,0,1
2,4338,1,1,0,0,1
2,4348,1,1,0,1,1
2,4399,1,1,0,0,1
2,4406,1,1,0,0,1
2,4423,1,1,1,0,1
2,4476,1,1,1,0,1
2,4534,1,1,0,1,1
2,4561,1,1,0,0,1
2,4568,1,1,0,1,1
2,4573,1,1,0,1,1
2,4587,1,1,0,0,1
2,4590,1,1,0,1,1
2,4614,1,1,0,1,1
2,4619,1,1,0,1,1
2,4622,1,1,0,1,1
2,4648,1,1,0,0,1
2,4649,1,1,0,0,1
2,4652,1,1,0,0,1
2,4665,1,1,0,1,1
2,4715,1,1,0,1,1
2,4731,1,1,0,1,1
2,4773,1,1,0,0,1
2,4777,1,1,0,1,1
2,4788,1,1,0,0,1
2,4793,1,1,1,0,1
2,4802,1,1,0,0,1
2,4843,1,1,0,1,1
2,4875,1,1,0,0,1
2,4914,1,1,1,0,1
2,4931,1,1,0,0,1
2,4943,1,1,0,0,1
2,4951,1,1,1,0,1
2,4961,1,1,0,1,1
2,4981,1,1,0,0,1
2,4988,1,1,1,0,1
2,4998,1,1,1,0,1
2,29,1,1,0,0,10
2,30,1,1,1,0,10
2,31,1,1,0,0,10
2,69,1,1,0,0,10
2,94,1,1,1,0,10
2,129,1,1,0,0,10
2,177,1,1,0,0,10
2,181,1,1,1,0,10
2,231,1,1,1,0,10
2,246,1,1,0,0,10
2,298,1,1,0,0,10
2,299,1,1,1,0,10
2,313,1,1,1,0,10
2,390,1,1,0,0,10
2,420,1,1,1,0,10
2,440,1,1,1,0,10
2,442,1,1,1,0,10
2,465,1,1,1,0,10
2,485,1,1,0,0,10
2,495,1,1,0,0,10
2,520,1,1,1,0,10
2,527,1,1,1,0,10
2,573,1,1,0,0,10
2,579,1,1,1,0,10
2,593,1,1,0,0,10
2,595,1,1,0,0,10
2,597,1,1,1,0,10
2,644,1,1,1,0,10
2,648,1,1,0,0,10
2,667,1,1,1,0,10
2,705,1,1,1,0,10
2,706,1,1,1,0,10
2,714,1,1,1,0,10
2,733,1,1,0,0,10
2,747,1,1,0,0,10
2,771,1,1,0,0,10
2,804,1,1,0,0,10
2,808,1,1,1,0,10
2,809,1,1,0,0,10
2,834,1,1,0,0,10
2,849,1,1,1,0,10
2,891,1,1,1,0,10
2,924,1,1,1,0,10
2,947,1,1,1,0,10
2,951,1,1,1,0,10
2,972,1,1,1,0,10
2,984,1,1,1,0,10
2,1016,1,1,1,0,10
2,1065,1,1,1,0,10
2,1108,1,1,1,0,10
2,1112,1,1,0,0,10
2,1114,1,1,0,0,10
2,1120,1,1,1,0,10
2,1127,1,1,0,0,10
2,1139,1,1,1,0,10
2,1173,1,1,1,0,10
2,1181,1,1,0,0,10
2,1226,1,1,0,0,10
2,1302,1,1,0,0,10
2,1315,1,1,0,0,10
2,1320,1,1,1,0,10
2,1351,1,1,1,0,10
2,1369,1,1,0,0,10
2,1384,1,1,1,0,10
2,1402,1,1,1,0,10
2,1409,1,1,0,0,10
2,1414,1,1,0,0,10
2,1424,1,1,1,0,10
2,1450,1,1,1,0,10
2,1575,1,1,1,0,10
2,1576,1,1,0,0,10
2,1588,1,1,0,0,10
2,1617,1,1,1,0,10
2,1631,1,1,1,0,10
2,1647,1,1,0,0,10
2,1668,1,1,1,0,10
2,1674,1,1,1,0,10
2,1688,1,1,1,0,10
2,1753,1,1,1,0,10
2,1841,1,1,1,0,10
2,1863,1,1,0,0,10
2,1888,1,1,1,0,10
2,1952,1,1,0,0,10
2,1956,1,1,1,0,10
2,1961,1,1,1,0,10
2,1964,1,1,0,0,10
2,1987,1,1,0,0,10
2,1996,1,1,1,0,10
2,2006,1,1,1,0,10
2,2010,1,1,1,0,10
2,2012,1,1,1,0,10
2,2021,1,1,0,0,10
2,2051,1,1,1,0,10
2,2064,1,1,1,0,10
2,2086,1,1,0,0,10
2,2088,1,1,1,0,10
2,2091,1,1,0,0,10
2,2177,1,1,0,0,10
2,2185,1,1,0,0,10
2,2221,1,1,1,0,10
2,2233,1,1,0,0,10
2,2240,1,1,1,0,10
2,2244,1,1,1,0,10
2,2294,1,1,0,0,10
2,2359,1,1,0,0,10
2,2385,1,1,1,0,10
2,2441,1,1,1,0,10
2,2464,1,1,1,0,10
2,2475,1,1,1,0,10
2,2487,1,1,0,0,10
2,2518,1,1,1,0,10
2,2535,1,1,1,0,10
2,2552,1,1,1,0,10
2,2565,1,1,1,0,10
2,2577,1,1,0,0,10
2,2580,1,1,0,0,10
2,2653,1,1,1,0,10
2,2655,1,1,0,0,10
2,2692,1,1,1,0,10
2,2747,1,1,1,0,10
2,2755,1,1,1,0,10
2,2813,1,1,0,0,10
2,2840,1,1,0,0,10
2,2865,1,1,1,0,10
2,2885,1,1,1,0,10
2,2910,1,1,0,0,10
2,2914,1,1,1,0,10
2,2927,1,1,1,0,10
2,2994,1,1,0,0,10
2,3003,1,1,1,0,10
2,3026,1,1,1,0,10
2,3038,1,1,1,0,10
2,3044,1,1,1,0,10
2,3071,1,1,0,0,10
2,3084,1,1,1,0,10
2,3115,1,1,1,0,10
2,3126,1,1,1,0,10
2,3151,1,1,1,0,10
2,3157,1,1,1,0,10
2,3208,1,1,1,0,10
2,3214,1,1,0,0,10
2,3217,1,1,0,0,10
2,3234,1,1,0,0,10
2,3235,1,1,1,0,10
2,3237,1,1,0,0,10
2,3259,1,1,0,0,10
2,3271,1,1,1,0,10
2,3277,1,1,0,0,10
2,3286,1,1,1,0,10
2,3298,1,1,0,0,10
2,3315,1,1,1,0,10
2,3324,1,1,0,0,10
2,3341,1,1,0,0,10
2,3352,1,1,1,0,10
2,3355,1,1,0,0,10
2,3357,1,1,0,0,10
2,3361,1,1,1,0,10
2,3372,1,1,0,0,10
2,3385,1,1,1,0,10
2,3399,1,1,0,0,10
2,3408,1,1,0,0,10
2,3433,1,1,1,0,10
2,3440,1,1,1,0,10
2,3463,1,1,1,0,10
2,3464,1,1,1,0,10
2,3472,1,1,0,0,10
2,3474,1,1,1,0,10
2,3513,1,1,1,0,10
2,3517,1,1,0,0,10
2,3519,1,1,0,0,10
2,3550,1,1,0,0,10
2,3557,1,1,1,0,10
2,3558,1,1,1,0,10
2,3566,1,1,0,0,10
2,3571,1,1,0,0,10
2,3577,1,1,1,0,10
2,3605,1,1,0,0,10
2,3607,1,1,0,0,10
2,3617,1,1,0,0,10
2,3626,1,1,1,0,10
2,3631,1,1,0,0,10
2,3633,1,1,1,0,10
2,3678,1,1,1,0,10
2,3683,1,1,0,0,10
2,3699,1,1,0,0,10
2,3716,1,1,1,0,10
2,3722,1,1,1,0,10
2,3746,1,1,1,0,10
2,3830,1,1,0,0,10
2,3877,1,1,0,0,10
2,3881,1,1,1,0,10
2,3884,1,1,1,0,10
2,3899,1,1,1,0,10
2,3939,1,1,1,0,10
2,3942,1,1,0,0,10
2,3944,1,1,1,0,10
2,3961,1,1,0,0,10
2,4039,1,1,0,0,10
2,4043,1,1,1,0,10
2,4054,1,1,0,0,10
2,4063,1,1,0,0,10
2,4094,1,1,1,0,10
2,4101,1,1,0,0,10
2,4149,1,1,0,0,10
2,4150,1,1,0,0,10
2,4155,1,1,1,0,10
2,4158,1,1,0,0,10
2,4170,1,1,1,0,10
2,4180,1,1,1,0,10
2,4242,1,1,1,0,10
2,4287,1,1,1,0,10
2,4313,1,1,0,0,10
2,4352,1,1,1,0,10
2,4357,1,1,0,0,10
2,4378,1,1,1,0,10
2,4398,1,1,0,0,10
2,4421,1,1,1,0,10
2,4469,1,1,1,0,10
2,4474,1,1,0,0,10
2,4491,1,1,1,0,10
2,4553,1,1,0,0,10
2,4598,1,1,1,0,10
2,4600,1,1,1,0,10
2,4601,1,1,0,0,10
2,4616,1,1,1,0,10
2,4627,1,1,0,0,10
2,4642,1,1,1,0,10
2,4643,1,1,1,0,10
2,4724,1,1,0,0,10
2,4732,1,1,1,0,10
2,4744,1,1,0,0,10
2,4745,1,1,1,0,10
2,4746,1,1,1,0,10
2,4760,1,1,1,0,10
2,4799,1,1,0,0,10
2,4820,1,1,1,0,10
2,4823,1,1,1,0,10
2,4835,1,1,1,0,10
2,4853,1,1,0,0,10
2,4857,1,1,1,0,10
2,4880,1,1,0,0,10
2,4986,1,1,1,0,10
2,4996,1,1,1,0,10
4,1,1,1,0,0,1
4,4,1,1,0,1,1
4,28,1,1,0,0,1
4,43,1,1,0,1,1
4,62,1,1,1,0,1
4,75,1,1,0,0,1
4,77,1,1,1,0,1
4,80,1,1,0,0,1
4,99,1,1,0,0,1
4,107,1,1,1,0,1
4,188,1,1,1,0,1
4,227,1,1,0,0,1
4,228,1,1,0,0,1
4,234,1,1,0,0,1
4,261,1,1,0,0,1
4,265,1,1,0,0,1
4,268,1,1,0,0,1
4,319,1,1,0,0,1
4,334,1,1,0,0,1
4,362,1,1,1,0,1
4,369,1,1,1,0,1
4,393,1,1,1,0,1
4,423,1,1,0,0,1
4,441,1,1,0,0,1
4,460,1,1,0,1,1
4,468,1,1,1,0,1
4,505,1,1,0,0,1
4,523,1,1,0,1,1
4,620,1,1,0,0,1
4,657,1,1,0,0,1
4,665,1,1,0,0,1
4,670,1,1,0,0,1
4,730,1,1,0,1,1
4,740,1,1,0,1,1
4,778,1,1,0,0,1
4,779,1,1,0,1,1
4,799,1,1,0,0,1
4,815,1,1,1,0,1
4,841,1,1,0,1,1
4,850,1,1,0,1,1
4,876,1,1,0,0,1
4,895,1,1,0,1,1
4,908,1,1,1,0,1
4,912,1,1,0,1,1
4,929,1,1,0,0,1
4,941,1,1,1,0,1
4,942,1,1,0,1,1
4,961,1,1,0,0,1
4,1007,1,1,0,0,1
4,1023,1,1,0,1,1
4,1113,1,1,0,1,1
4,1117,1,1,0,0,1
4,1131,1,1,0,0,1
4,1151,1,1,0,0,1
4,1155,1,1,0,0,1
4,1171,1,1,0,1,1
4,1207,1,1,0,0,1
4,1227,1,1,0,0,1
4,1252,1,1,1,0,1
4,1296,1,1,0,0,1
4,1305,1,1,0,1,1
4,1319,1,1,1,0,1
4,1330,1,1,0,0,1
4,1342,1,1,1,0,1
4,1352,1,1,0,0,1
4,1353,1,1,0,0,1
4,1373,1,1,0,0,1
4,1394,1,1,0,0,1
4,1442,1,1,0,0,1
4,1452,1,1,0,0,1
4,1462,1,1,1,0,1
4,1493,1,1,0,1,1
4,1497,1,1,0,0,1
4,1499,1,1,0,0,1
4,1509,1,1,0,0,1
4,1531,1,1,1,0,1
4,1561,1,1,0,0,1
4,1573,1,1,1,0,1
4,1612,1,1,0,0,1
4,1645,1,1,0,0,1
4,1648,1,1,1,0,1
4,1650,1,1,1,0,1
4,1657,1,1,0,0,1
4,1667,1,1,1,0,1
4,1671,1,1,1,0,1
4,1675,1,1,0,1,1
4,1676,1,1,0,0,1
4,1705,1,1,0,1,1
4,1716,1,1,0,0,1
4,1720,1,1,0,0,1
4,1728,1,1,0,0,1
4,1751,1,1,0,0,1
4,1762,1,1,0,0,1
4,1776,1,1,0,0,1
4,1797,1,1,0,0,1
4,1833,1,1,0,0,1
4,1854,1,1,0,0,1
4,1882,1,1,0,0,1
4,1902,1,1,0,0,1
4,1912,1,1,0,0,1
4,1941,1,1,0,0,1
4,1983,1,1,1,0,1
4,2014,1,1,0,0,1
4,2017,1,1,0,0,1
4,2018,1,1,0,0,1
4,2020,1,1,1,0,1
4,2071,1,1,0,0,1
4,2074,1,1,0,0,1
4,2112,1,1,0,0,1
4,2133,1,1,0,0,1
4,2174,1,1,0,0,1
4,2190,1,1,0,0,1
4,2196,1,1,0,1,1
4,2230,1,1,0,0,1
4,2235,1,1,0,0,1
4,2253,1,1,0,0,1
4,2262,1,1,1,0,1
4,2265,1,1,0,0,1
4,2274,1,1,0,0,1
4,2309,1,1,0,0,1
4,2325,1,1,0,0,1
4,2326,1,1,0,0,1
4,2345,1,1,0,0,1
4,2349,1,1,0,0,1
4,2373,1,1,0,0,1
4,2423,1,1,0,0,1
4,2426,1,1,0,1,1
4,2442,1,1,0,0,1
4,2453,1,1,0,1,1
4,2457,1,1,1,0,1
4,2461,1,1,0,0,1
4,2478,1,1,0,0,1
4,2492,1,1,0,0,1
4,2500,1,1,0,0,1
4,2510,1,1,1,0,1
4,2516,1,1,0,0,1
4,2572,1,1,0,0,1
4,2574,1,1,0,0,1
4,2651,1,1,0,1,1
4,2695,1,1,0,0,1
4,2700,1,1,1,0,1
4,2741,1,1,0,0,1
4,2752,1,1,0,0,1
4,2838,1,1,1,0,1
4,2839,1,1,0,0,1
4,2861,1,1,0,1,1
4,2921,1,1,0,0,1
4,2939,1,1,0,0,1
4,2943,1,1,0,1,1
4,2972,1,1,0,0,1
4,2989,1,1,0,1,1
4,2992,1,1,0,0,1
4,3008,1,1,1,0,1
4,3009,1,1,0,0,1
4,3027,1,1,0,0,1
4,3033,1,1,0,0,1
4,3057,1,1,0,0,1
4,3063,1,1,0,1,1
4,3068,1,1,0,1,1
4,3078,1,1,0,0,1
4,3108,1,1,0,0,1
4,3147,1,1,0,0,1
4,3149,1,1,0,0,1
4,3155,1,1,0,0,1
4,3218,1,1,1,0,1
4,3223,1,1,0,0,1
4,3228,1,1,0,0,1
4,3285,1,1,0,0,1
4,3332,1,1,1,0,1
4,3396,1,1,0,1,1
4,3397,1,1,0,0,1
4,3419,1,1,0,1,1
4,3434,1,1,1,0,1
4,3457,1,1,1,0,1
4,3469,1,1,0,0,1
4,3489,1,1,0,1,1
4,3490,1,1,0,0,1
4,3497,1,1,0,1,1
4,3514,1,1,0,0,1
4,3546,1,1,0,0,1
4,3563,1,1,0,0,1
4,3565,1,1,0,0,1
4,3569,1,1,1,0,1
4,3627,1,1,0,1,1
4,3651,1,1,0,0,1
4,3662,1,1,0,0,1
4,3693,1,1,0,0,1
4,3706,1,1,0,0,1
4,3742,1,1,0,0,1
4,3765,1,1,0,0,1
4,3783,1,1,0,0,1
4,3792,1,1,0,0,1
4,3823,1,1,0,0,1
4,3837,1,1,0,0,1
4,3863,1,1,0,1,1
4,3870,1,1,0,0,1
4,3872,1,1,0,1,1
4,3893,1,1,0,0,1
4,3895,1,1,0,0,1
4,3916,1,1,0,1,1
4,3935,1,1,0,1,1
4,3989,1,1,1,0,1
4,3996,1,1,1,0,1
4,4005,1,1,0,0,1
4,4056,1,1,0,0,1
4,4076,1,1,1,0,1
4,4109,1,1,0,1,1
4,4122,1,1,0,0,1
4,4145,1,1,0,0,1
4,4162,1,1,0,0,1
4,4177,1,1,0,0,1
4,4188,1,1,0,0,1
4,4197,1,1,1,0,1
4,4202,1,1,0,0,1
4,4238,1,1,1,0,1
4,4247,1,1,0,0,1
4,4284,1,1,1,0,1
4,4305,1,1,0,0,1
4,4330,1,1,0,0,1
4,4338,1,1,0,0,1
4,4348,1,1,0,1,1
4,4399,1,1,0,0,1
4,4406,1,1,1,0,1
4,4423,1,1,1,0,1
4,4476,1,1,1,0,1
4,4534,1,1,0,0,1
4,4561,1,1,0,0,1
4,4568,1,1,0,0,1
4,4573,1,1,0,0,1
4,4587,1,1,0,1,1
4,4590,1,1,0,0,1
4,4614,1,1,0,0,1
4,4619,1,1,0,1,1
4,4622,1,1,0,0,1
4,4648,1,1,1,0,1
4,4649,1,1,0,0,1
4,4652,1,1,0,0,1
4,4665,1,1,0,1,1
4,4715,1,1,0,0,1
4,4731,1,1,0,0,1
4,4773,1,1,0,0,1
4,4777,1,1,0,1,1
4,4788,1,1,0,0,1
4,4793,1,1,1,0,1
4,4802,1,1,0,0,1
4,4843,1,1,0,0,1
4,4875,1,1,0,0,1
4,4914,1,1,1,0,1
4,4931,1,1,0,0,1
4,4943,1,1,0,0,1
4,4951,1,1,1,0,1
4,4961,1,1,0,0,1
4,4981,1,1,0,0,1
4,4988,1,1,1,0,1
4,4998,1,1,1,0,1
4,29,1,1,0,0,10
4,30,1,1,1,0,10
4,31,1,1,0,0,10
4,69,1,1,0,0,10
4,94,1,1,1,0,10
4,129,1,1,0,0,10
4,177,1,1,1,0,10
4,181,1,1,1,0,10
4,231,1,1,0,0,10
4,246,1,1,0,0,10
4,298,1,1,0,0,10
4,299,1,1,1,0,10
4,313,1,1,1,0,10
4,390,1,1,0,0,10
4,420,1,1,1,0,10
4,440,1,1,0,0,10
4,442,1,1,1,0,10
4,465,1,1,0,0,10
4,485,1,1,1,0,10
4,495,1,1,0,0,10
4,520,1,1,1,0,10
4,527,1,1,1,0,10
4,573,1,1,1,0,10
4,579,1,1,1,0,10
4,593,1,1,0,0,10
4,595,1,1,0,0,10
4,597,1,1,1,0,10
4,644,1,1,0,0,10
4,648,1,1,0,0,10
4,667,1,1,1,0,10
4,705,1,1,0,0,10
4,706,1,1,0,0,10
4,714,1,1,1,0,10
4,733,1,1,1,0,10
4,747,1,1,1,0,10
4,771,1,1,0,0,10
4,804,1,1,0,0,10
4,808,1,1,1,0,10
4,809,1,1,0,0,10
4,834,1,1,0,0,10
4,849,1,1,1,0,10
4,891,1,1,1,0,10
4,924,1,1,1,0,10
4,947,1,1,1,0,10
4,951,1,1,0,0,10
4,972,1,1,0,0,10
4,984,1,1,1,0,10
4,1016,1,1,1,0,10
4,1065,1,1,0,0,10
4,1108,1,1,1,0,10
4,1112,1,1,0,0,10
4,1114,1,1,0,0,10
4,1120,1,1,1,0,10
4,1127,1,1,1,0,10
4,1139,1,1,1,0,10
4,1173,1,1,1,0,10
4,1181,1,1,0,0,10
4,1226,1,1,0,0,10
4,1302,1,1,0,0,10
4,1315,1,1,1,0,10
4,1320,1,1,0,0,10
4,1351,1,1,0,0,10
4,1369,1,1,0,0,10
4,1384,1,1,1,0,10
4,1402,1,1,1,0,10
4,1409,1,1,0,0,10
4,1414,1,1,1,0,10
4,1424,1,1,1,0,10
4,1450,1,1,1,0,10
4,1575,1,1,1,0,10
4,1576,1,1,0,0,10
4,1588,1,1,0,0,10
4,1617,1,1,1,0,10
4,1631,1,1,1,0,10
4,1647,1,1,0,0,10
4,1668,1,1,1,0,10
4,1674,1,1,1,0,10
4,1688,1,1,0,0,10
4,1753,1,1,0,0,10
4,1841,1,1,1,0,10
4,1863,1,1,0,0,10
4,1888,1,1,1,0,10
4,1952,1,1,0,0,10
4,1956,1,1,0,0,10
4,1961,1,1,1,0,10
4,1964,1,1,0,0,10
4,1987,1,1,0,0,10
4,1996,1,1,1,0,10
4,2006,1,1,0,0,10
4,2010,1,1,1,0,10
4,2012,1,1,1,0,10
4,2021,1,1,0,0,10
4,2051,1,1,1,0,10
4,2064,1,1,1,0,10
4,2086,1,1,0,0,10
4,2088,1,1,0,0,10
4,2091,1,1,0,0,10
4,2177,1,1,0,0,10
4,2185,1,1,0,0,10
4,2221,1,1,1,0,10
4,2233,1,1,0,0,10
4,2240,1,1,1,0,10
4,2244,1,1,0,0,10
4,2294,1,1,0,0,10
4,2359,1,1,0,0,10
4,2385,1,1,1,0,10
4,2441,1,1,0,0,10
4,2464,1,1,1,0,10
4,2475,1,1,1,0,10
4,2487,1,1,0,0,10
4,2518,1,1,1,0,10
4,2535,1,1,0,0,10
4,2552,1,1,1,0,10
4,2565,1,1,1,0,10
4,2577,1,1,0,0,10
4,2580,1,1,0,0,10
4,2653,1,1,1,0,10
4,2655,1,1,0,0,10
4,2692,1,1,1,0,10
4,2747,1,1,1,0,10
4,2755,1,1,1,0,10
4,2813,1,1,0,0,10
4,2840,1,1,0,0,10
4,2865,1,1,0,0,10
4,2885,1,1,1,0,10
4,2910,1,1,0,0,10
4,2914,1,1,1,0,10
4,2927,1,1,1,0,10
4,2994,1,1,0,0,10
4,3003,1,1,0,0,10
4,3026,1,1,0,0,10
4,3038,1,1,1,0,10
4,3044,1,1,1,0,10
4,3071,1,1,0,0,10
4,3084,1,1,1,0,10
4,3115,1,1,0,0,10
4,3126,1,1,1,0,10
4,3151,1,1,1,0,10
4,3157,1,1,1,0,10
4,3208,1,1,1,0,10
4,3214,1,1,0,0,10
4,3217,1,1,0,0,10
4,3234,1,1,1,0,10
4,3235,1,1,1,0,10
4,3237,1,1,0,0,10
4,3259,1,1,0,0,10
4,3271,1,1,0,0,10
4,3277,1,1,1,0,10
4,3286,1,1,1,0,10
4,3298,1,1,1,0,10
4,3315,1,1,0,0,10
4,3324,1,1,0,0,10
4,3341,1,1,0,0,10
4,3352,1,1,1,0,10
4,3355,1,1,1,0,10
4,3357,1,1,0,0,10
4,3361,1,1,1,0,10
4,3372,1,1,0,0,10
4,3385,1,1,0,0,10
4,3399,1,1,0,0,10
4,3408,1,1,0,0,10
4,3433,1,1,1,0,10
4,3440,1,1,0,0,10
4,3463,1,1,0,0,10
4,3464,1,1,1,0,10
4,3472,1,1,1,0,10
4,3474,1,1,0,0,10
4,3513,1,1,1,0,10
4,3517,1,1,0,0,10
4,3519,1,1,0,0,10
4,3550,1,1,1,0,10
4,3557,1,1,1,0,10
4,3558,1,1,1,0,10
4,3566,1,1,0,0,10
4,3571,1,1,0,0,10
4,3577,1,1,1,0,10
4,3605,1,1,0,0,10
4,3607,1,1,1,0,10
4,3617,1,1,0,0,10
4,3626,1,1,1,0,10
4,3631,1,1,0,0,10
4,3633,1,1,1,0,10
4,3678,1,1,1,0,10
4,3683,1,1,1,0,10
4,3699,1,1,0,0,10
4,3716,1,1,1,0,10
4,3722,1,1,1,0,10
4,3746,1,1,1,0,10
4,3830,1,1,0,0,10
4,3877,1,1,0,0,10
4,3881,1,1,0,0,10
4,3884,1,1,1,0,10
4,3899,1,1,1,0,10
4,3939,1,1,0,0,10
4,3942,1,1,1,0,10
4,3944,1,1,0,0,10
4,3961,1,1,0,0,10
4,4039,1,1,1,0,10
4,4043,1,1,1,0,10
4,4054,1,1,1,0,10
4,4063,1,1,0,0,10
4,4094,1,1,1,0,10
4,4101,1,1,0,0,10
4,4149,1,1,0,0,10
4,4150,1,1,0,0,10
4,4155,1,1,0,0,10
4,4158,1,1,0,0,10
4,4170,1,1,0,0,10
4,4180,1,1,1,0,10
4,4242,1,1,1,0,10
4,4287,1,1,0,0,10
4,4313,1,1,0,0,10
4,4352,1,1,0,0,10
4,4357,1,1,0,0,10
4,4378,1,1,0,0,10
4,4398,1,1,0,0,10
4,4421,1,1,1,0,10
4,4469,1,1,0,0,10
4,4474,1,1,1,0,10
4,4491,1,1,1,0,10
4,4553,1,1,1,0,10
4,4598,1,1,1,0,10
4,4600,1,1,0,0,10
4,4601,1,1,0,0,10
4,4616,1,1,1,0,10
4,4627,1,1,0,0,10
4,4642,1,1,1,0,10
4,4643,1,1,0,0,10
4,4724,1,1,0,0,10
4,4732,1,1,0,0,10
4,4744,1,1,0,0,10
4,4745,1,1,1,0,10
4,4746,1,1,0,0,10
4,4760,1,1,1,0,10
4,4799,1,1,0,0,10
4,4820,1,1,1,0,10
4,4823,1,1,1,0,10
4,4835,1,1,0,0,10
4,4853,1,1,1,0,10
4,4857,1,1,0,0,10
4,4880,1,1,0,0,10
4,4986,1,1,0,0,10
4,4996,1,1,0,0,10
8,1,2,0,0,0,1
8,4,2,0,0,0,1
8,28,2,0,0,0,1
8,43,2,0,0,0,1
8,62,2,0,2,0,1
8,75,2,0,0,0,1
8,77,2,0,0,0,1
8,80,2,0,0,0,1
8,99,2,0,0,0,1
8,107,2,0,0,0,1
8,188,2,0,2,0,1
8,227,2,0,0,0,1
8,228,2,0,0,0,1
8,234,2,0,0,0,1
8,261,2,0,2,0,1
8,265,2,0,0,0,1
8,268,2,0,0,0,1
8,319,2,0,0,0,1
8,334,2,0,2,0,1
8,362,2,0,2,0,1
8,369,2,0,2,0,1
8,393,2,0,2,0,1
8,423,2,0,0,0,1
8,441,2,0,0,0,1
8,460,2,0,0,0,1
8,468,2,0,0,0,1
8,505,2,0,0,0,1
8,523,2,0,0,0,1
8,620,2,0,2,0,1
8,657,2,0,2,0,1
8,665,2,0,2,0,1
8,670,2,0,0,0,1
8,730,2,0,0,0,1
8,740,2,0,0,0,1
8,778,2,0,0,0,1
8,779,2,0,0,0,1
8,799,2,0,0,0,1
8,815,2,0,0,0,1
8,841,2,0,0,0,1
8,850,2,0,0,0,1
8,876,2,0,0,0,1
8,895,2,0,0,0,1
8,908,2,0,2,0,1
8,912,2,0,0,0,1
8,929,2,0,2,0,1
8,941,2,0,2,0,1
8,942,2,0,0,0,1
8,961,2,0,0,0,1
8,1007,2,0,0,0,1
8,1023,2,0,0,0,1
8,1113,2,0,0,0,1
8,1117,2,0,0,0,1
8,1131,2,0,0,0,1
8,1151,2,0,0,0,1
8,1155,2,0,0,0,1
8,1171,2,0,0,0,1
8,1207,2,0,0,0,1
8,1227,2,0,0,0,1
8,1252,2,0,2,0,1
8,1296,2,0,0,0,1
8,1305,2,0,0,0,1
8,1319,2,0,0,0,1
8,1330,2,0,2,0,1
8,1342,2,0,0,0,1
8,1352,2,0,0,0,1
8,1353,2,0,0,0,1
8,1373,2,0,0,0,1
8,1394,2,0,0,0,1
8,1442,2,0,0,0,1
8,1452,2,0,0,0,1
8,1462,2,0,0,0,1
8,1493,2,0,0,0,1
8,1497,2,0,2,0,1
8,1499,2,0,0,0,1
8,1509,2,0,0,0,1
8,1531,2,0,0,0,1
8,1561,2,0,0,0,1
8,1573,2,0,2,0,1
8,1612,2,0,0,0,1
8,1645,2,0,0,0,1
8,1648,2,0,0,0,1
8,1650,2,0,2,0,1
8,1657,2,0,0,0,1
8,1667,2,0,2,0,1
8,1671,2,0,0,0,1
8,1675,2,0,0,0,1
8,1676,2,0,0,0,1
8,1705,2,0,0,0,1
8,1716,2,0,0,0,1
8,1720,2,0,2,0,1
8,1728,2,0,2,0,1
8,1751,2,0,0,0,1
8,1762,2,0,0,0,1
8,1776,2,0,0,0,1
8,1797,2,0,0,0,1
8,1833,2,0,0,0,1
8,1854,2,0,0,0,1
8,1882,2,0,0,0,1
8,1902,2,0,0,0,1
8,1912,2,0,0,0,1
8,1941,2,0,0,0,1
8,1983,2,0,2,0,1
8,2014,2,0,0,0,1
8,2017,2,0,0,0,1
8,2018,2,0,0,0,1
8,2020,2,0,0,0,1
8,2071,2,0,2,0,1
8,2074,2,0,0,0,1
8,2112,2,0,0,0,1
8,2133,2,0,0,0,1
8,2174,2,0,2,0,1
8,2190,2,0,0,0,1
8,2196,2,0,0,0,1
8,2230,2,0,2,0,1
8,2235,2,0,0,0,1
8,2253,2,0,0,0,1
8,2262,2,0,0,0,1
8,2265,2,0,0,0,1
8,2274,2,0,2,0,1
8,2309,2,0,2,0,1
8,2325,2,0,0,0,1
8,2326,2,0,0,0,1
8,2345,2,0,0,0,1
8,2349,2,0,0,0,1
8,2373,2,0,0,0,1
8,2423,2,0,0,0,1
8,2426,2,0,0,0,1
8,2442,2,0,0,0,1
8,2453,2,0,0,0,1
8,2457,2,0,2,0,1
8,2461,2,0,0,0,1
8,2478,2,0,0,0,1
8,2492,2,0,0,0,1
8,2500,2,0,0,0,1
8,2510,2,0,2,0,1
8,2516,2,0,0,0,1
8,2572,2,0,0,0,1
8,2574,2,0,0,0,1
8,2651,2,0,0,0,1
8,2695,2,0,2,0,1
8,2700,2,0,2,0,1
8,2741,2,0,2,0,1
8,2752,2,0,0,0,1
8,2838,2,0,2,0,1
8,2839,2,0,0,0,1
8,2861,2,0,0,0,1
8,2921,2,0,0,0,1
8,2939,2,0,2,0,1
8,2943,2,0,0,0,1
8,2972,2,0,0,0,1
8,2989,2,0,0,0,1
8,2992,2,0,0,0,1
8,3008,2,0,2,0,1
8,3009,2,0,0,0,1
8,3027,2,0,0,0,1
8,3033,2,0,2,0,1
8,3057,2,0,0,0,1
8,3063,2,0,0,0,1
8,3068,2,0,0,0,1
8,3078,2,0,0,0,1
8,3108,2,0,0,0,1
8,3147,2,0,0,0,1
8,3149,2,0,0,0,1
8,3155,2,0,0,0,1
8,3218,2,0,2,0,1
8,3223,2,0,0,0,1
8,3228,2,0,0,0,1
8,3285,2,0,0,0,1
8,3332,2,0,2,0,1
8,3396,2,0,0,0,1
8,3397,2,0,0,0,1
8,3419,2,0,0,0,1
8,3434,2,0,2,0,1
8,3457,2,0,2,0,1
8,3469,2,0,0,0,1
8,3489,2,0,0,0,1
8,3490,2,0,0,0,1
8,3497,2,0,0,0,1
8,3514,2,0,0,0,1
8,3546,2,0,2,0,1
8,3563,2,0,0,0,1
8,3565,2,0,0,0,1
8,3569,2,0,0,0,1
8,3627,2,0,0,0,1
8,3651,2,0,0,0,1
8,3662,2,0,0,0,1
8,3693,2,0,0,0,1
8,3706,2,0,0,0,1
8,3742,2,0,0,0,1
8,3765,2,0,0,0,1
8,3783,2,0,0,0,1
8,3792,2,0,0,0,1
8,3823,2,0,0,0,1
8,3837,2,0,0,0,1
8,3863,2,0,0,0,1
8,3870,2,0,0,0,1
8,3872,2,0,0,0,1
8,3893,2,0,0,0,1
8,3895,2,0,2,0,1
8,3916,2,0,0,0,1
8,3935,2,0,0,0,1
8,3989,2,0,2,0,1
8,3996,2,0,0,0,1
8,4005,2,0,0,0,1
8,4056,2,0,0,0,1
8,4076,2,0,0,0,1
8,4109,2,0,0,0,1
8,4122,2,0,0,0,1
8,4145,2,0,0,0,1
8,4162,2,0,2,0,1
8,4177,2,0,0,0,1
8,4188,2,0,0,0,1
8,4197,2,0,0,0,1
8,4202,2,0,2,0,1
8,4238,2,0,0,0,1
8,4247,2,0,2,0,1
8,4284,2,0,2,0,1
8,4305,2,0,2,0,1
8,4330,2,0,0,0,1
8,4338,2,0,2,0,1
8,4348,2,0,0,0,1
8,4399,2,0,2,0,1
8,4406,2,0,0,0,1
8,4423,2,0,2,0,1
8,4476,2,0,2,0,1
8,4534,2,0,0,0,1
8,4561,2,0,0,0,1
8,4568,2,0,0,0,1
8,4573,2,0,0,0,1
8,4587,2,0,0,0,1
8,4590,2,0,0,0,1
8,4614,2,0,0,0,1
8,4619,2,0,0,0,1
8,4622,2,0,0,0,1
8,4648,2,0,0,0,1
8,4649,2,0,0,0,1
8,4652,2,0,0,0,1
8,4665,2,0,0,0,1
8,4715,2,0,0,0,1
8,4731,2,0,0,0,1
8,4773,2,0,0,0,1
8,4777,2,0,0,0,1
8,4788,2,0,2,0,1
8,4793,2,0,2,0,1
8,4802,2,0,2,0,1
8,4843,2,0,0,0,1
8,4875,2,0,2,0,1
8,4914,2,0,2,0,1
8,4931,2,0,0,0,1
8,4943,2,0,2,0,1
8,4951,2,0,2,0,1
8,4961,2,0,0,0,1
8,4981,2,0,0,0,1
8,4988,2,0,2,0,1
8,4998,2,0,2,0,1
8,29,1,1,1,0,10
8,30,1,1,1,0,10
8,31,1,1,1,0,10
8,69,1,1,0,0,10
8,94,1,1,1,0,10
8,129,1,1,1,0,10
8,177,1,1,0,0,10
8,181,1,1,1,0,10
8,231,1,1,0,0,10
8,246,1,1,1,0,10
8,298,1,1,1,0,10
8,299,1,1,1,0,10
8,313,1,1,1,0,10
8,390,1,1,1,0,10
8,420,1,1,1,0,10
8,440,1,1,0,0,10
8,442,1,1,1,0,10
8,465,1,1,0,0,10
8,485,1,1,0,0,10
8,495,1,1,0,0,10
8,520,1,1,1,0,10
8,527,1,1,1,0,10
8,573,1,1,0,0,10
8,579,1,1,1,0,10
8,593,1,1,0,0,10
8,595,1,1,1,0,10
8,597,1,1,1,0,10
8,644,1,1,0,0,10
8,648,1,1,0,0,10
8,667,1,1,1,0,10
8,705,1,1,0,0,10
8,706,1,1,0,0,10
8,714,1,1,1,0,10
8,733,1,1,0,0,10
8,747,1,1,0,0,10
8,771,1,1,1,0,10
8,804,1,1,1,0,10
8,808,1,1,1,0,10
8,809,1,1,1,0,10
8,834,1,1,0,0,10
8,849,1,1,1,0,10
8,891,1,1,1,0,10
8,924,1,1,1,0,10
8,947,1,1,1,0,10
8,951,1,1,0,0,10
8,972,1,1,0,0,10
8,984,1,1,1,0,10
8,1016,1,1,1,0,10
8,1065,1,1,0,0,10
8,1108,1,1,1,0,10
8,1112,1,1,1,0,10
8,1114,1,1,1,0,10
8,1120,1,1,1,0,10
8,1127,1,1,0,0,10
8,1139,1,1,1,0,10
8,1173,1,1,1,0,10
8,1181,1,1,0,0,10
8,1226,1,1,1,0,10
8,1302,1,1,0,0,10
8,1315,1,1,0,0,10
8,1320,1,1,0,0,10
8,1351,1,1,0,0,10
8,1369,1,1,1,0,10
8,1384,1,1,1,0,10
8,1402,1,1,1,0,10
8,1409,1,1,1,0,10
8,1414,1,1,0,0,10
8,1424,1,1,1,0,10
8,1450,1,1,1,0,10
8,1575,1,1,1,0,10
8,1576,1,1,1,0,10
8,1588,1,1,1,0,10
8,1617,1,1,1,0,10
8,1631,1,1,1,0,10
8,1647,1,1,1,0,10
8,1668,1,1,1,0,10
8,1674,1,1,1,0,10
8,1688,1,1,0,0,10
8,1753,1,1,0,0,10
8,1841,1,1,1,0,10
8,1863,1,1,1,0,10
8,1888,1,1,1,0,10
8,1952,1,1,1,0,10
8,1956,1,1,0,0,10
8,1961,1,1,1,0,10
8,1964,1,1,1,0,10
8,1987,1,1,1,0,10
8,1996,1,1,1,0,10
8,2006,1,1,0,0,10
8,2010,1,1,1,0,10
8,2012,1,1,1,0,10
8,2021,1,1,0,0,10
8,2051,1,1,1,0,10
8,2064,1,1,1,0,10
8,2086,1,1,1,0,10
8,2088,1,1,0,0,10
8,2091,1,1,0,0,10
8,2177,1,1,1,0,10
8,2185,1,1,0,0,10
8,2221,1,1,1,0,10
8,2233,1,1,1,0,10
8,2240,1,1,1,0,10
8,2244,1,1,0,0,10
8,2294,1,1,1,0,10
8,2359,1,1,1,0,10
8,2385,1,1,1,0,10
8,2441,1,1,0,0,10
8,2464,1,1,1,0,10
8,2475,1,1,1,0,10
8,2487,1,1,0,0,10
8,2518,1,1,1,0,10
8,2535,1,1,0,0,10
8,2552,1,1,1,0,10
8,2565,1,1,1,0,10
8,2577,1,1,0,0,10
8,2580,1,1,0,0,10
8,2653,1,1,1,0,10
8,2655,1,1,1,0,10
8,2692,1,1,1,0,10
8,2747,1,1,1,0,10
8,2755,1,1,1,0,10
8,2813,1,1,1,0,10
8,2840,1,1,0,0,10
8,2865,1,1,0,0,10
8,2885,1,1,1,0,10
8,2910,1,1,1,0,10
8,2914,1,1,1,0,10
8,2927,1,1,1,0,10
8,2994,1,1,1,0,10
8,3003,1,1,0,0,10
8,3026,1,1,0,0,10
8,3038,1,1,1,0,10
8,3044,1,1,1,0,10
8,3071,1,1,1,0,10
8,3084,1,1,1,0,10
8,3115,1,1,0,0,10
8,3126,1,1,1,0,10
8,3151,1,1,1,0,10
8,3157,1,1,1,0,10
8,3208,1,1,1,0,10
8,3214,1,1,1,0,10
8,3217,1,1,1,0,10
8,3234,1,1,0,0,10
8,3235,1,1,1,0,10
8,3237,1,1,1,0,10
8,3259,1,1,0,0,10
8,3271,1,1,0,0,10
8,3277,1,1,0,0,10
8,3286,1,1,1,0,10
8,3298,1,1,0,0,10
8,3315,1,1,0,0,10
8,3324,1,1,1,0,10
8,3341,1,1,0,0,10
8,3352,1,1,1,0,10
8,3355,1,1,0,0,10
8,3357,1,1,1,0,10
8,3361,1,1,1,0,10
8,3372,1,1,0,0,10
8,3385,1,1,0,0,10
8,3399,1,1,0,0,10
8,3408,1,1,0,0,10
8,3433,1,1,1,0,10
8,3440,1,1,0,0,10
8,3463,1,1,0,0,10
8,3464,1,1,1,0,10
8,3472,1,1,0,0,10
8,3474,1,1,0,0,10
8,3513,1,1,1,0,10
8,3517,1,1,1,0,10
8,3519,1,1,1,0,10
8,3550,1,1,0,0,10
8,3557,1,1,1,0,10
8,3558,1,1,1,0,10
8,3566,1,1,1,0,10
8,3571,1,1,1,0,10
8,3577,1,1,1,0,10
8,3605,1,1,1,0,10
8,3607,1,1,0,0,10
8,3617,1,1,1,0,10
8,3626,1,1,1,0,10
8,3631,1,1,1,0,10
8,3633,1,1,1,0,10
8,3678,1,1,1,0,10
8,3683,1,1,0,0,10
8,3699,1,1,1,0,10
8,3716,1,1,1,0,10
8,3722,1,1,1,0,10
8,3746,1,1,1,0,10
8,3830,1,1,0,0,10
8,3877,1,1,1,0,10
8,3881,1,1,0,0,10
8,3884,1,1,1,0,10
8,3899,1,1,1,0,10
8,3939,1,1,0,0,10
8,3942,1,1,0,0,10
8,3944,1,1,0,0,10
8,3961,1,1,1,0,10
8,4039,1,1,0,0,10
8,4043,1,1,1,0,10
8,4054,1,1,0,0,10
8,4063,1,1,1,0,10
8,4094,1,1,1,0,10
8,4101,1,1,0,0,10
8,4149,1,1,0,0,10
8,4150,1,1,0,0,10
8,4155,1,1,0,0,10
8,4158,1,1,0,0,10
8,4170,1,1,0,0,10
8,4180,1,1,1,0,10
8,4242,1,1,1,0,10
8,4287,1,1,0,0,10
8,4313,1,1,0,0,10
8,4352,1,1,0,0,10
8,4357,1,1,1,0,10
8,4378,1,1,0,0,10
8,4398,1,1,0,0,10
8,4421,1,1,1,0,10
8,4469,1,1,0,0,10
8,4474,1,1,0,0,10
8,4491,1,1,1,0,10
8,4553,1,1,0,0,10
8,4598,1,1,1,0,10
8,4600,1,1,0,0,10
8,4601,1,1,1,0,10
8,4616,1,1,1,0,10
8,4627,1,1,0,0,10
8,4642,1,1,1,0,10
8,4643,1,1,0,0,10
8,4724,1,1,1,0,10
8,4732,1,1,0,0,10
8,4744,1,1,1,0,10
8,4745,1,1,1,0,10
8,4746,1,1,0,0,10
8,4760,1,1,1,0,10
8,4799,1,1,1,0,10
8,4820,1,1,1,0,10
8,4823,1,1,1,0,10
8,4835,1,1,0,0,10
8,4853,1,1,0,0,10
8,4857,1,1,0,0,10
8,4880,1,1,0,0,10
8,4986,1,1,0,0,10
8,4996,1,1,0,0,10
3,1,1,1,0,0,1
3,4,1,1,0,1,1
3,28,1,1,0,0,1
3,43,1,1,0,1,1
3,62,1,1,1,0,1
3,75,1,1,0,0,1
3,77,1,1,1,0,1
3,80,1,1,0,0,1
3,99,1,1,0,1,1
3,107,1,1,1,0,1
3,188,1,1,1,0,1
3,227,1,1,0,0,1
3,228,1,1,0,0,1
3,234,1,1,0,0,1
3,261,1,1,0,0,1
3,265,1,1,0,0,1
3,268,1,1,0,0,1
3,319,1,1,0,0,1
3,334,1,1,0,0,1
3,362,1,1,1,0,1
3,369,1,1,1,0,1
3,393,1,1,1,0,1
3,423,1,1,0,0,1
3,441,1,1,0,0,1
3,460,1,1,0,1,1
3,468,1,1,1,0,1
3,505,1,1,0,0,1
3,523,1,1,0,1,1
3,620,1,1,0,0,1
3,657,1,1,0,0,1
3,665,1,1,0,0,1
3,670,1,1,0,0,1
3,730,1,1,0,1,1
3,740,1,1,0,1,1
3,778,1,1,0,0,1
3,779,1,1,0,1,1
3,799,1,1,0,0,1
3,815,1,1,1,0,1
3,841,1,1,0,1,1
3,850,1,1,0,1,1
3,876,1,1,0,0,1
3,895,1,1,0,1,1
3,908,1,1,1,0,1
3,912,1,1,0,1,1
3,929,1,1,0,0,1
3,941,1,1,1,0,1
3,942,1,1,0,1,1
3,961,1,1,0,1,1
3,1007,1,1,0,0,1
3,1023,1,1,0,1,1
3,1113,1,1,0,1,1
3,1117,1,1,0,0,1
3,1131,1,1,0,0,1
3,1151,1,1,0,0,1
3,1155,1,1,0,0,1
3,1171,1,1,0,1,1
3,1207,1,1,0,0,1
3,1227,1,1,0,0,1
3,1252,1,1,1,0,1
3,1296,1,1,0,0,1
3,1305,1,1,0,1,1
3,1319,1,1,1,0,1
3,1330,1,1,0,0,1
3,1342,1,1,1,0,1
3,1352,1,1,0,1,1
3,1353,1,1,0,0,1
3,1373,1,1,0,0,1
3,1394,1,1,0,1,1
3,1442,1,1,0,0,1
3,1452,1,1,0,1,1
3,1462,1,1,1,0,1
3,1493,1,1,0,1,1
3,1497,1,1,0,0,1
3,1499,1,1,0,1,1
3,1509,1,1,0,0,1
3,1531,1,1,1,0,1
3,1561,1,1,0,0,1
3,1573,1,1,1,0,1
3,1612,1,1,0,0,1
3,1645,1,1,0,0,1
3,1648,1,1,1,0,1
3,1650,1,1,1,0,1
3,1657,1,1,0,0,1
3,1667,1,1,1,0,1
3,1671,1,1,1,0,1
3,1675,1,1,0,1,1
3,1676,1,1,0,1,1
3,1705,1,1,0,1,1
3,1716,1,1,0,0,1
3,1720,1,1,0,0,1
3,1728,1,1,0,0,1
3,1751,1,1,0,1,1
3,1762,1,1,0,0,1
3,1776,1,1,0,1,1
3,1797,1,1,0,1,1
3,1833,1,1,0,1,1
3,1854,1,1,0,0,1
3,1882,1,1,0,1,1
3,1902,1,1,0,0,1
3,1912,1,1,0,0,1
3,1941,1,1,0,0,1
3,1983,1,1,1,0,1
3,2014,1,1,0,0,1
3,2017,1,1,0,1,1
3,2018,1,1,0,1,1
3,2020,1,1,1,0,1
3,2071,1,1,0,0,1
3,2074,1,1,0,0,1
3,2112,1,1,0,0,1
3,2133,1,1,0,0,1
3,2174,1,1,0,0,1
3,2190,1,1,0,0,1
3,2196,1,1,0,1,1
3,2230,1,1,0,0,1
3,2235,1,1,0,1,1
3,2253,1,1,0,0,1
3,2262,1,1,1,0,1
3,2265,1,1,0,0,1
3,2274,1,1,0,0,1
3,2309,1,1,0,0,1
3,2325,1,1,0,0,1
3,2326,1,1,0,1,1
3,2345,1,1,0,0,1
3,2349,1,1,0,0,1
3,2373,1,1,0,0,1
3,2423,1,1,0,0,1
3,2426,1,1,0,1,1
3,2442,1,1,0,0,1
3,2453,1,1,0,1,1
3,2457,1,1,1,0,1
3,2461,1,1,0,0,1
3,2478,1,1,0,0,1
3,2492,1,1,0,1,1
3,2500,1,1,0,0,1
3,2510,1,1,1,0,1
3,2516,1,1,0,0,1
3,2572,1,1,0,0,1
3,2574,1,1,0,0,1
3,2651,1,1,0,1,1
3,2695,1,1,0,0,1
3,2700,1,1,1,0,1
3,2741,1,1,0,0,1
3,2752,1,1,0,1,1
3,2838,1,1,1,0,1
3,2839,1,1,0,0,1
3,2861,1,1,0,1,1
3,2921,1,1,0,1,1
3,2939,1,1,0,0,1
3,2943,1,1,0,1,1
3,2972,1,1,0,0,1
3,2989,1,1,0,1,1
3,2992,1,1,0,0,1
3,3008,1,1,1,0,1
3,3009,1,1,0,0,1
3,3027,1,1,0,0,1
3,3033,1,1,0,0,1
3,3057,1,1,0,0,1
3,3063,1,1,0,1,1
3,3068,1,1,0,1,1
3,3078,1,1,0,0,1
3,3108,1,1,0,1,1
3,3147,1,1,0,0,1
3,3149,1,1,0,0,1
3,3155,1,1,0,0,1
3,3218,1,1,1,0,1
3,3223,1,1,0,0,1
3,3228,1,1,0,0,1
3,3285,1,1,0,0,1
3,3332,1,1,1,0,1
3,3396,1,1,0,1,1
3,3397,1,1,0,0,1
3,3419,1,1,0,1,1
3,3434,1,1,1,0,1
3,3457,1,1,1,0,1
3,3469,1,1,0,0,1
3,3489,1,1,0,1,1
3,3490,1,1,0,0,1
3,3497,1,1,0,1,1
3,3514,1,1,0,0,1
3,3546,1,1,0,0,1
3,3563,1,1,0,0,1
3,3565,1,1,0,0,1
3,3569,1,1,1,0,1
3,3627,1,1,0,1,1
3,3651,1,1,0,0,1
3,3662,1,1,0,1,1
3,3693,1,1,0,0,1
3,3706,1,1,0,0,1
3,3742,1,1,0,0,1
3,3765,1,1,0,1,1
3,3783,1,1,0,0,1
3,3792,1,1,0,0,1
3,3823,1,1,0,0,1
3,3837,1,1,0,1,1
3,3863,1,1,0,1,1
3,3870,1,1,0,0,1
3,3872,1,1,0,1,1
3,3893,1,1,0,0,1
3,3895,1,1,0,0,1
3,3916,1,1,0,1,1
3,3935,1,1,0,1,1
3,3989,1,1,1,0,1
3,3996,1,1,1,0,1
3,4005,1,1,0,1,1
3,4056,1,1,0,0,1
3,4076,1,1,1,0,1
3,4109,1,1,0,1,1
3,4122,1,1,0,1,1
3,4145,1,1,0,0,1
3,4162,1,1,0,0,1
3,4177,1,1,0,0,1
3,4188,1,1,0,0,1
3,4197,1,1,1,0,1
3,4202,1,1,0,0,1
3,4238,1,1,1,0,1
3,4247,1,1,0,0,1
3,4284,1,1,1,0,1
3,4305,1,1,0,0,1
3,4330,1,1,0,0,1
3,4338,1,1,0,0,1
3,4348,1,1,0,1,1
3,4399,1,1,0,0,1
3,4406,1,1,1,0,1
3,4423,1,1,1,0,1
3,4476,1,1,1,0,1
3,4534,1,1,0,0,1
3,4561,1,1,0,0,1
3,4568,1,1,0,0,1
3,4573,1,1,0,0,1
3,4587,1,1,0,1,1
3,4590,1,1,0,0,1
3,4614,1,1,0,0,1
3,4619,1,1,0,1,1
3,4622,1,1,0,0,1
3,4648,1,1,1,0,1
3,4649,1,1,0,1,1
3,4652,1,1,0,0,1
3,4665,1,1,0,1,1
3,4715,1,1,0,0,1
3,4731,1,1,0,0,1
3,4773,1,1,0,1,1
3,4777,1,1,0,1,1
3,4788,1,1,0,0,1
3,4793,1,1,1,0,1
3,4802,1,1,0,0,1
3,4843,1,1,0,0,1
3,4875,1,1,0,0,1
3,4914,1,1,1,0,1
3,4931,1,1,0,0,1
3,4943,1,1,0,0,1
3,4951,1,1,1,0,1
3,4961,1,1,0,0,1
3,4981,1,1,0,0,1
3,4988,1,1,1,0,1
3,4998,1,1,1,0,1
3,29,1,1,0,0,10
3,30,1,1,1,0,10
3,31,1,1,0,0,10
3,69,1,1,1,0,10
3,94,1,1,1,0,10
3,129,1,1,0,0,10
3,177,1,1,1,0,10
3,181,1,1,1,0,10
3,231,1,1,0,0,10
3,246,1,1,0,0,10
3,298,1,1,0,0,10
3,299,1,1,1,0,10
3,313,1,1,1,0,10
3,390,1,1,0,0,10
3,420,1,1,1,0,10
3,440,1,1,0,0,10
3,442,1,1,1,0,10
3,465,1,1,0,0,10
3,485,1,1,1,0,10
3,495,1,1,1,0,10
3,520,1,1,1,0,10
3,527,1,1,1,0,10
3,573,1,1,1,0,10
3,579,1,1,1,0,10
3,593,1,1,1,0,10
3,595,1,1,0,0,10
3,597,1,1,1,0,10
3,644,1,1,0,0,10
3,648,1,1,1,0,10
3,667,1,1,1,0,10
3,705,1,1,0,0,10
3,706,1,1,0,0,10
3,714,1,1,1,0,10
3,733,1,1,1,0,10
3,747,1,1,1,0,10
3,771,1,1,0,0,10
3,804,1,1,0,0,10
3,808,1,1,1,0,10
3,809,1,1,0,0,10
3,834,1,1,1,0,10
3,849,1,1,1,0,10
3,891,1,1,1,0,10
3,924,1,1,1,0,10
3,947,1,1,1,0,10
3,951,1,1,0,0,10
3,972,1,1,0,0,10
3,984,1,1,1,0,10
3,1016,1,1,1,0,10
3,1065,1,1,0,0,10
3,1108,1,1,1,0,10
3,1112,1,1,0,0,10
3,1114,1,1,0,0,10
3,1120,1,1,1,0,10
3,1127,1,1,1,0,10
3,1139,1,1,1,0,10
3,1173,1,1,1,0,10
3,1181,1,1,1,0,10
3,1226,1,1,0,0,10
3,1302,1,1,1,0,10
3,1315,1,1,1,0,10
3,1320,1,1,0,0,10
3,1351,1,1,0,0,10
3,1369,1,1,0,0,10
3,1384,1,1,1,0,10
3,1402,1,1,1,0,10
3,1409,1,1,0,0,10
3,1414,1,1,1,0,10
3,1424,1,1,1,0,10
3,1450,1,1,1,0,10
3,1575,1,1,1,0,10
3,1576,1,1,0,0,10
3,1588,1,1,0,0,10
3,1617,1,1,1,0,10
3,1631,1,1,1,0,10
3,1647,1,1,0,0,10
3,1668,1,1,1,0,10
3,1674,1,1,1,0,10
3,1688,1,1,0,0,10
3,1753,1,1,0,0,10
3,1841,1,1,1,0,10
3,1863,1,1,0,0,10
3,1888,1,1,1,0,10
3,1952,1,1,0,0,10
3,1956,1,1,0,0,10
3,1961,1,1,1,0,10
3,1964,1,1,0,0,10
3,1987,1,1,0,0,10
3,1996,1,1,1,0,10
3,2006,1,1,0,0,10
3,2010,1,1,1,0,10
3,2012,1,1,1,0,10
3,2021,1,1,1,0,10
3,2051,1,1,1,0,10
3,2064,1,1,1,0,10
3,2086,1,1,0,0,10
3,2088,1,1,0,0,10
3,2091,1,1,1,0,10
3,2177,1,1,0,0,10
3,2185,1,1,1,0,10
3,2221,1,1,1,0,10
3,2233,1,1,0,0,10
3,2240,1,1,1,0,10
3,2244,1,1,0,0,10
3,2294,1,1,0,0,10
3,2359,1,1,0,0,10
3,2385,1,1,1,0,10
3,2441,1,1,0,0,10
3,2464,1,1,1,0,10
3,2475,1,1,1,0,10
3,2487,1,1,1,0,10
3,2518,1,1,1,0,10
3,2535,1,1,0,0,10
3,2552,1,1,1,0,10
3,2565,1,1,1,0,10
3,2577,1,1,1,0,10
3,2580,1,1,1,0,10
3,2653,1,1,1,0,10
3,2655,1,1,0,0,10
3,2692,1,1,1,0,10
3,2747,1,1,1,0,10
3,2755,1,1,1,0,10
3,2813,1,1,0,0,10
3,2840,1,1,1,0,10
3,2865,1,1,0,0,10
3,2885,1,1,1,0,10
3,2910,1,1,0,0,10
3,2914,1,1,1,0,10
3,2927,1,1,1,0,10
3,2994,1,1,0,0,10
3,3003,1,1,0,0,10
3,3026,1,1,0,0,10
3,3038,1,1,1,0,10
3,3044,1,1,1,0,10
3,3071,1,1,0,0,10
3,3084,1,1,1,0,10
3,3115,1,1,0,0,10
3,3126,1,1,1,0,10
3,3151,1,1,1,0,10
3,3157,1,1,1,0,10
3,3208,1,1,1,0,10
3,3214,1,1,0,0,10
3,3217,1,1,0,0,10
3,3234,1,1,1,0,10
3,3235,1,1,1,0,10
3,3237,1,1,0,0,10
3,3259,1,1,1,0,10
3,3271,1,1,0,0,10
3,3277,1,1,1,0,10
3,3286,1,1,1,0,10
3,3298,1,1,1,0,10
3,3315,1,1,0,0,10
3,3324,1,1,0,0,10
3,3341,1,1,1,0,10
3,3352,1,1,1,0,10
3,3355,1,1,1,0,10
3,3357,1,1,0,0,10
3,3361,1,1,1,0,10
3,3372,1,1,1,0,10
3,3385,1,1,0,0,10
3,3399,1,1,1,0,10
3,3408,1,1,1,0,10
3,3433,1,1,1,0,10
3,3440,1,1,0,0,10
3,3463,1,1,0,0,10
3,3464,1,1,1,0,10
3,3472,1,1,1,0,10
3,3474,1,1,0,0,10
3,3513,1,1,1,0,10
3,3517,1,1,0,0,10
3,3519,1,1,0,0,10
3,3550,1,1,1,0,10
3,3557,1,1,1,0,10
3,3558,1,1,1,0,10
3,3566,1,1,0,0,10
3,3571,1,1,0,0,10
3,3577,1,1,1,0,10
3,3605,1,1,0,0,10
3,3607,1,1,1,0,10
3,3617,1,1,0,0,10
3,3626,1,1,1,0,10
3,3631,1,1,0,0,10
3,3633,1,1,1,0,10
3,3678,1,1,1,0,10
3,3683,1,1,1,0,10
3,3699,1,1,0,0,10
3,3716,1,1,1,0,10
3,3722,1,1,1,0,10
3,3746,1,1,1,0,10
3,3830,1,1,1,0,10
3,3877,1,1,0,0,10
3,3881,1,1,0,0,10
3,3884,1,1,1,0,10
3,3899,1,1,1,0,10
3,3939,1,1,0,0,10
3,3942,1,1,1,0,10
3,3944,1,1,0,0,10
3,3961,1,1,0,0,10
3,4039,1,1,1,0,10
3,4043,1,1,1,0,10
3,4054,1,1,1,0,10
3,4063,1,1,0,0,10
3,4094,1,1,1,0,10
3,4101,1,1,1,0,10
3,4149,1,1,1,0,10
3,4150,1,1,1,0,10
3,4155,1,1,0,0,10
3,4158,1,1,1,0,10
3,4170,1,1,0,0,10
3,4180,1,1,1,0,10
3,4242,1,1,1,0,10
3,4287,1,1,0,0,10
3,4313,1,1,1,0,10
3,4352,1,1,0,0,10
3,4357,1,1,0,0,10
3,4378,1,1,0,0,10
3,4398,1,1,1,0,10
3,4421,1,1,1,0,10
3,4469,1,1,0,0,10
3,4474,1,1,1,0,10
3,4491,1,1,1,0,10
3,4553,1,1,1,0,10
3,4598,1,1,1,0,10
3,4600,1,1,0,0,10
3,4601,1,1,0,0,10
3,4616,1,1,1,0,10
3,4627,1,1,1,0,10
3,4642,1,1,1,0,10
3,4643,1,1,0,0,10
3,4724,1,1,0,0,10
3,4732,1,1,0,0,10
3,4744,1,1,0,0,10
3,4745,1,1,1,0,10
3,4746,1,1,0,0,10
3,4760,1,1,1,0,10
3,4799,1,1,0,0,10
3,4820,1,1,1,0,10
3,4823,1,1,1,0,10
3,4835,1,1,0,0,10
3,4853,1,1,1,0,10
3,4857,1,1,0,0,10
3,4880,1,1,1,0,10
3,4986,1,1,0,0,10
3,4996,1,1,0,0,10
7,1,2,3,0,0,1
7,4,2,3,0,3,1
7,28,2,3,0,0,1
7,43,2,3,0,3,1
7,62,2,3,2,0,1
7,75,2,3,0,0,1
7,77,2,3,2,0,1
7,80,2,3,0,0,1
7,99,2,3,0,0,1
7,107,2,3,2,0,1
7,188,2,3,2,0,1
7,227,2,3,0,0,1
7,228,2,3,0,0,1
7,234,2,3,0,0,1
7,261,2,3,0,0,1
7,265,2,3,0,0,1
7,268,2,3,0,0,1
7,319,2,3,0,0,1
7,334,2,3,0,0,1
7,362,2,3,2,0,1
7,369,2,3,2,0,1
7,393,2,3,2,0,1
7,423,2,3,0,0,1
7,441,2,3,0,0,1
7,460,2,3,0,3,1
7,468,2,3,2,0,1
7,505,2,3,0,0,1
7,523,2,3,0,3,1
7,620,2,3,0,0,1
7,657,2,3,0,0,1
7,665,2,3,0,0,1
7,670,2,3,0,0,1
7,730,2,3,0,3,1
7,740,2,3,0,3,1
7,778,2,3,0,0,1
7,779,2,3,0,3,1
7,799,2,3,0,0,1
7,815,2,3,2,0,1
7,841,2,3,0,3,1
7,850,2,3,0,3,1
7,876,2,3,0,0,1
7,895,2,3,0,3,1
7,908,2,3,2,0,1
7,912,2,3,0,3,1
7,929,2,3,0,0,1
7,941,2,3,2,0,1
7,942,2,3,0,3,1
7,961,2,3,0,0,1
7,1007,2,3,0,0,1
7,1023,2,3,0,3,1
7,1113,2,3,0,3,1
7,1117,2,3,0,0,1
7,1131,2,3,0,0,1
7,1151,2,3,0,0,1
7,1155,2,3,0,0,1
7,1171,2,3,0,3,1
7,1207,2,3,0,0,1
7,1227,2,3,0,0,1
7,1252,2,3,2,0,1
7,1296,2,3,0,0,1
7,1305,2,3,0,3,1
7,1319,2,3,2,0,1
7,1330,2,3,0,0,1
7,1342,2,3,2,0,1
7,1352,2,3,0,0,1
7,1353,2,3,0,0,1
7,1373,2,3,0,0,1
7,1394,2,3,0,0,1
7,1442,2,3,0,0,1
7,1452,2,3,0,0,1
7,1462,2,3,2,0,1
7,1493,2,3,0,3,1
7,1497,2,3,0,0,1
7,1499,2,3,0,0,1
7,1509,2,3,0,0,1
7,1531,2,3,2,0,1
7,1561,2,3,0,0,1
7,1573,2,3,2,0,1
7,1612,2,3,0,0,1
7,1645,2,3,0,0,1
7,1648,2,3,2,0,1
7,1650,2,3,2,0,1
7,1657,2,3,0,0,1
7,1667,2,3,2,0,1
7,1671,2,3,2,0,1
7,1675,2,3,0,3,1
7,1676,2,3,0,0,1
7,1705,2,3,0,3,1
7,1716,2,3,0,0,1
7,1720,2,3,0,0,1
7,1728,2,3,0,0,1
7,1751,2,3,0,0,1
7,1762,2,3,0,0,1
7,1776,2,3,0,0,1
7,1797,2,3,0,0,1
7,1833,2,3,0,0,1
7,1854,2,3,0,0,1
7,1882,2,3,0,0,1
7,1902,2,3,0,0,1
7,1912,2,3,0,0,1
7,1941,2,3,0,0,1
7,1983,2,3,2,0,1
7,2014,2,3,0,0,1
7,2017,2,3,0,0,1
7,2018,2,3,0,0,1
7,2020,2,3,2,0,1
7,2071,2,3,0,0,1
7,2074,2,3,0,0,1
7,2112,2,3,0,0,1
7,2133,2,3,0,0,1
7,2174,2,3,0,0,1
7,2190,2,3,0,0,1
7,2196,2,3,0,3,1
7,2230,2,3,0,0,1
7,2235,2,3,0,0,1
7,2253,2,3,0,0,1
7,2262,2,3,2,0,1
7,2265,2,3,0,0,1
7,2274,2,3,0,0,1
7,2309,2,3,0,0,1
7,2325,2,3,0,0,1
7,2326,2,3,0,0,1
7,2345,2,3,0,0,1
7,2349,2,3,0,0,1
7,2373,2,3,0,0,1
7,2423,2,3,0,0,1
7,2426,2,3,0,3,1
7,2442,2,3,0,0,1
7,2453,2,3,0,3,1
7,2457,2,3,2,0,1
7,2461,2,3,0,0,1
7,2478,2,3,0,0,1
7,2492,2,3,0,0,1
7,2500,2,3,0,0,1
7,2510,2,3,2,0,1
7,2516,2,3,0,0,1
7,2572,2,3,0,0,1
7,2574,2,3,0,0,1
7,2651,2,3,0,3,1
7,2695,2,3,0,0,1
7,2700,2,3,2,0,1
7,2741,2,3,0,0,1
7,2752,2,3,0,0,1
7,2838,2,3,2,0,1
7,2839,2,3,0,0,1
7,2861,2,3,0,3,1
7,2921,2,3,0,0,1
7,2939,2,3,0,0,1
7,2943,2,3,0,3,1
7,2972,2,3,0,0,1
7,2989,2,3,0,3,1
7,2992,2,3,0,0,1
7,3008,2,3,2,0,1
7,3009,2,3,0,0,1
7,3027,2,3,0,0,1
7,3033,2,3,0,0,1
7,3057,2,3,0,0,1
7,3063,2,3,0,3,1
7,3068,2,3,0,3,1
7,3078,2,3,0,0,1
7,3108,2,3,0,0,1
7,3147,2,3,0,0,1
7,3149,2,3,0,0,1
7,3155,2,3,0,0,1
7,3218,2,3,2,0,1
7,3223,2,3,0,0,1
7,3228,2,3,0,0,1
7,3285,2,3,0,0,1
7,3332,2,3,2,0,1
7,3396,2,3,0,3,1
7,3397,2,3,0,0,1
7,3419,2,3,0,3,1
7,3434,2,3,2,0,1
7,3457,2,3,2,0,1
7,3469,2,3,0,0,1
7,3489,2,3,0,3,1
7,3490,2,3,0,0,1
7,3497,2,3,0,3,1
7,3514,2,3,0,0,1
7,3546,2,3,0,0,1
7,3563,2,3,0,0,1
7,3565,2,3,0,0,1
7,3569,2,3,2,0,1
7,3627,2,3,0,3,1
7,3651,2,3,0,0,1
7,3662,2,3,0,0,1
7,3693,2,3,0,0,1
7,3706,2,3,0,0,1
7,3742,2,3,0,0,1
7,3765,2,3,0,0,1
7,3783,2,3,0,0,1
7,3792,2,3,0,0,1
7,3823,2,3,0,0,1
7,3837,2,3,0,0,1
7,3863,2,3,0,3,1
7,3870,2,3,0,0,1
7,3872,2,3,0,3,1
7,3893,2,3,0,0,1
7,3895,2,3,0,0,1
7,3916,2,3,0,3,1
7,3935,2,3,0,3,1
7,3989,2,3,2,0,1
7,3996,2,3,2,0,1
7,4005,2,3,0,0,1
7,4056,2,3,0,0,1
7,4076,2,3,2,0,1
7,4109,2,3,0,3,1
7,4122,2,3,0,0,1
7,4145,2,3,0,0,1
7,4162,2,3,0,0,1
7,4177,2,3,0,0,1
7,4188,2,3,0,0,1
7,4197,2,3,2,0,1
7,4202,2,3,0,0,1
7,4238,2,3,2,0,1
7,4247,2,3,0,0,1
7,4284,2,3,2,0,1
7,4305,2,3,0,0,1
7,4330,2,3,0,0,1
7,4338,2,3,0,0,1
7,4348,2,3,0,3,1
7,4399,2,3,0,0,1
7,4406,2,3,2,0,1
7,4423,2,3,2,0,1
7,4476,2,3,2,0,1
7,4534,2,3,0,0,1
7,4561,2,3,0,0,1
7,4568,2,3,0,0,1
7,4573,2,3,0,0,1
7,4587,2,3,0,3,1
7,4590,2,3,0,0,1
7,4614,2,3,0,0,1
7,4619,2,3,0,3,1
7,4622,2,3,0,0,1
7,4648,2,3,2,0,1
7,4649,2,3,0,0,1
7,4652,2,3,0,0,1
7,4665,2,3,0,3,1
7,4715,2,3,0,0,1
7,4731,2,3,0,0,1
7,4773,2,3,0,0,1
7,4777,2,3,0,3,1
7,4788,2,3,0,0,1
7,4793,2,3,2,0,1
7,4802,2,3,0,0,1
7,4843,2,3,0,0,1
7,4875,2,3,0,0,1
7,4914,2,3,2,0,1
7,4931,2,3,0,0,1
7,4943,2,3,0,0,1
7,4951,2,3,2,0,1
7,4961,2,3,0,0,1
7,4981,2,3,0,0,1
7,4988,2,3,2,0,1
7,4998,2,3,2,0,1
7,29,1,1,0,0,10
7,30,1,1,1,0,10
7,31,1,1,0,0,10
7,69,1,1,0,0,10
7,94,1,1,1,0,10
7,129,1,1,0,0,10
7,177,1,1,1,0,10
7,181,1,1,1,0,10
7,231,1,1,0,0,10
7,246,1,1,0,0,10
7,298,1,1,0,0,10
7,299,1,1,1,0,10
7,313,1,1,1,0,10
7,390,1,1,0,0,10
7,420,1,1,1,0,10
7,440,1,1,0,0,10
7,442,1,1,1,0,10
7,465,1,1,0,0,10
7,485,1,1,1,0,10
7,495,1,1,0,0,10
7,520,1,1,1,0,10
7,527,1,1,1,0,10
7,573,1,1,1,0,10
7,579,1,1,1,0,10
7,593,1,1,0,0,10
7,595,1,1,0,0,10
7,597,1,1,1,0,10
7,644,1,1,0,0,10
7,648,1,1,0,0,10
7,667,1,1,1,0,10
7,705,1,1,0,0,10
7,706,1,1,0,0,10
7,714,1,1,1,0,10
7,733,1,1,1,0,10
7,747,1,1,1,0,10
7,771,1,1,0,0,10
7,804,1,1,0,0,10
7,808,1,1,1,0,10
7,809,1,1,0,0,10
7,834,1,1,0,0,10
7,849,1,1,1,0,10
7,891,1,1,1,0,10
7,924,1,1,1,0,10
7,947,1,1,1,0,10
7,951,1,1,0,0,10
7,972,1,1,0,0,10
7,984,1,1,1,0,10
7,1016,1,1,1,0,10
7,1065,1,1,0,0,10
7,1108,1,1,1,0,10
7,1112,1,1,0,0,10
7,1114,1,1,0,0,10
7,1120,1,1,1,0,10
7,1127,1,1,1,0,10
7,1139,1,1,1,0,10
7,1173,1,1,1,0,10
7,1181,1,1,0,0,10
7,1226,1,1,0,0,10
7,1302,1,1,0,0,10
7,1315,1,1,1,0,10
7,1320,1,1,0,0,10
7,1351,1,1,0,0,10
7,1369,1,1,0,0,10
7,1384,1,1,1,0,10
7,1402,1,1,1,0,10
7,1409,1,1,0,0,10
7,1414,1,1,1,0,10
7,1424,1,1,1,0,10
7,1450,1,1,1,0,10
7,1575,1,1,1,0,10
7,1576,1,1,0,0,10
7,1588,1,1,0,0,10
7,1617,1,1,1,0,10
7,1631,1,1,1,0,10
7,1647,1,1,0,0,10
7,1668,1,1,1,0,10
7,1674,1,1,1,0,10
7,1688,1,1,0,0,10
7,1753,1,1,0,0,10
7,1841,1,1,1,0,10
7,1863,1,1,0,0,10
7,1888,1,1,1,0,10
7,1952,1,1,0,0,10
7,1956,1,1,0,0,10
7,1961,1,1,1,0,10
7,1964,1,1,0,0,10
7,1987,1,1,0,0,10
7,1996,1,1,1,0,10
7,2006,1,1,0,0,10
7,2010,1,1,1,0,10
7,2012,1,1,1,0,10
7,2021,1,1,0,0,10
7,2051,1,1,1,0,10
7,2064,1,1,1,0,10
7,2086,1,1,0,0,10
7,2088,1,1,0,0,10
7,2091,1,1,0,0,10
7,2177,1,1,0,0,10
7,2185,1,1,0,0,10
7,2221,1,1,1,0,10
7,2233,1,1,0,0,10
7,2240,1,1,1,0,10
7,2244,1,1,0,0,10
7,2294,1,1,0,0,10
7,2359,1,1,0,0,10
7,2385,1,1,1,0,10
7,2441,1,1,0,0,10
7,2464,1,1,1,0,10
7,2475,1,1,1,0,10
7,2487,1,1,0,0,10
7,2518,1,1,1,0,10
7,2535,1,1,0,0,10
7,2552,1,1,1,0,10
7,2565,1,1,1,0,10
7,2577,1,1,0,0,10
7,2580,1,1,0,0,10
7,2653,1,1,1,0,10
7,2655,1,1,0,0,10
7,2692,1,1,1,0,10
7,2747,1,1,1,0,10
7,2755,1,1,1,0,10
7,2813,1,1,0,0,10
7,2840,1,1,0,0,10
7,2865,1,1,0,0,10
7,2885,1,1,1,0,10
7,2910,1,1,0,0,10
7,2914,1,1,1,0,10
7,2927,1,1,1,0,10
7,2994,1,1,0,0,10
7,3003,1,1,0,0,10
7,3026,1,1,0,0,10
7,3038,1,1,1,0,10
7,3044,1,1,1,0,10
7,3071,1,1,0,0,10
7,3084,1,1,1,0,10
7,3115,1,1,0,0,10
7,3126,1,1,1,0,10
7,3151,1,1,1,0,10
7,3157,1,1,1,0,10
7,3208,1,1,1,0,10
7,3214,1,1,0,0,10
7,3217,1,1,0,0,10
7,3234,1,1,1,0,10
7,3235,1,1,1,0,10
7,3237,1,1,0,0,10
7,3259,1,1,0,0,10
7,3271,1,1,0,0,10
7,3277,1,1,1,0,10
7,3286,1,1,1,0,10
7,3298,1,1,1,0,10
7,3315,1,1,0,0,10
7,3324,1,1,0,0,10
7,3341,1,1,0,0,10
7,3352,1,1,1,0,10
7,3355,1,1,1,0,10
7,3357,1,1,0,0,10
7,3361,1,1,1,0,10
7,3372,1,1,0,0,10
7,3385,1,1,0,0,10
7,3399,1,1,0,0,10
7,3408,1,1,0,0,10
7,3433,1,1,1,0,10
7,3440,1,1,0,0,10
7,3463,1,1,0,0,10
7,3464,1,1,1,0,10
7,3472,1,1,1,0,10
7,3474,1,1,0,0,10
7,3513,1,1,1,0,10
7,3517,1,1,0,0,10
7,3519,1,1,0,0,10
7,3550,1,1,1,0,10
7,3557,1,1,1,0,10
7,3558,1,1,1,0,10
7,3566,1,1,0,0,10
7,3571,1,1,0,0,10
7,3577,1,1,1,0,10
7,3605,1,1,0,0,10
7,3607,1,1,1,0,10
7,3617,1,1,0,0,10
7,3626,1,1,1,0,10
7,3631,1,1,0,0,10
7,3633,1,1,1,0,10
7,3678,1,1,1,0,10
7,3683,1,1,1,0,10
7,3699,1,1,0,0,10
7,3716,1,1,1,0,10
7,3722,1,1,1,0,10
7,3746,1,1,1,0,10
7,3830,1,1,0,0,10
7,3877,1,1,0,0,10
7,3881,1,1,0,0,10
7,3884,1,1,1,0,10
7,3899,1,1,1,0,10
7,3939,1,1,0,0,10
7,3942,1,1,1,0,10
7,3944,1,1,0,0,10
7,3961,1,1,0,0,10
7,4039,1,1,1,0,10
7,4043,1,1,1,0,10
7,4054,1,1,1,0,10
7,4063,1,1,0,0,10
7,4094,1,1,1,0,10
7,4101,1,1,0,0,10
7,4149,1,1,0,0,10
7,4150,1,1,0,0,10
7,4155,1,1,0,0,10
7,4158,1,1,0,0,10
7,4170,1,1,0,0,10
7,4180,1,1,1,0,10
7,4242,1,1,1,0,10
7,4287,1,1,0,0,10
7,4313,1,1,0,0,10
7,4352,1,1,0,0,10
7,4357,1,1,0,0,10
7,4378,1,1,0,0,10
7,4398,1,1,0,0,10
7,4421,1,1,1,0,10
7,4469,1,1,0,0,10
7,4474,1,1,1,0,10
7,4491,1,1,1,0,10
7,4553,1,1,1,0,10
7,4598,1,1,1,0,10
7,4600,1,1,0,0,10
7,4601,1,1,0,0,10
7,4616,1,1,1,0,10
7,4627,1,1,0,0,10
7,4642,1,1,1,0,10
7,4643,1,1,0,0,10
7,4724,1,1,0,0,10
7,4732,1,1,0,0,10
7,4744,1,1,0,0,10
7,4745,1,1,1,0,10
7,4746,1,1,0,0,10
7,4760,1,1,1,0,10
7,4799,1,1,0,0,10
7,4820,1,1,1,0,10
7,4823,1,1,1,0,10
7,4835,1,1,0,0,10
7,4853,1,1,1,0,10
7,4857,1,1,0,0,10
7,4880,1,1,0,0,10
7,4986,1,1,0,0,10
7,4996,1,1,0,0,10
